user,rating,review,date
Aji Toyo,5,Aplikasinya bagus memudahkan untuk transfer ga perlu ke bank.. Juga mengeceknya,2026-02-28 21:42:54
Davit Pertama,5,mantap,2026-02-28 21:34:55
Ekay Revi,5,ok,2026-02-28 21:31:18
Cha Naira,5,"cepat,lebih mudah dalam mengirimkan uang dan segala pembayaran terimakasih brimo",2026-02-28 21:24:52
Wawan Gunawan Wawan,4,"tapi kenapa yah mau transfer susah, pasti ada kamu sudah mencapai batas percobaan permintaan hari ini untuk fiktur ini, padahal baru mau transfer......",2026-02-28 21:23:53
Selvian Nofrianda,5,Sangat Membantu,2026-02-28 21:23:23
Fendi AR 22,1,TF gagal tapi saldo Masi ke potong .. emang bagus ini apk,2026-02-28 21:19:25
Aa Iwan,4,"qita by Bri ,kapan rilis min,smoga lebih canggih memudahkan lebih lengkap dan adil utk semua nasabah jenis tabungan apapun",2026-02-28 21:16:39
heru kristiono,3,makin sering pembayaran qr gagal. tapi saldo berkurang,2026-02-28 21:15:23
Simbah Fajeri,5,trimakasih kami merasa puas,2026-02-28 21:13:27
Censia Khumaera,5,memudahkan transaksi,2026-02-28 21:11:17
Ari Wahyudi,2,setiap mau login eror trus harus update data terus,2026-02-28 21:06:41
Ripki Blue_armor072,5,sangat membantu,2026-02-28 21:01:57
Otam Mustopa,3,Aplikasi merepotkan masa login harus pake otp dan ktp terus,2026-02-28 21:00:19
Rizal raditia,5,ok,2026-02-28 20:59:19
Indra Andryanto,4,"ternyata kemdalanya brimo,bkn saya aja,stlah baca2 ulasan yg llain pun masalahnya sama,ngblank layar putih,berarri bukan hape saya ya,emng aplikasinya aja mulai payah,setiap pengaduan cm minta maaf gk di perbaiki.hhhh.masa tiap masuk hrs login selalu..",2026-02-28 20:55:47
Iwan Sasellow,3,"tolong BRIMO saya sudah 3x instal ulang, slalu tidak bisa dibuka aplikasinya hanya tampilan layar putih saja.,tolong di perbaiki",2026-02-28 20:46:36
Ros Tina,5,"sangat cepat, Aman, Amanah",2026-02-28 20:40:50
Eko Mardianto,5,mempermudahkan,2026-02-28 20:40:04
Walid Hidayat,5,mempermudah transaksi,2026-02-28 20:37:39
Ustu Alyana,5,"bagusss sihhh,cuman ngk tau kedepannya semoga ngk erorr😭😭takut banyak""tabungan jadinya",2026-02-28 20:33:54
Fajar Isnanto,3,kenapa nggak bisa di bukak,2026-02-28 20:33:20
Eka Ratna,4,saya tadi sudah melakukan verifikasi brimo dan tadi sudah bisa masuk ke brimo tapi pas mau masuk lagi tidak bisa harus verifikasi lagi tapi kata nya sudah melebihi limit. mohon info,2026-02-28 20:32:26
Rudi Apriyadi,1,data sudah benar di bilang salah terus memusingkang,2026-02-28 20:30:33
Muhammad Iqbal Abdillah,1,gangguan terus menerus,2026-02-28 20:27:17
Linda Wayam,5,Sangat Membantu saya,2026-02-28 20:23:47
FIQI NURIMAN,1,Error Parah Ganti Password malah gak bisa login aneh,2026-02-28 20:19:20
Gia Cantik,1,knpa gak bisa login,2026-02-28 20:17:46
Alula Maula,5,mudah dan memberi pelayanan bagus,2026-02-28 20:15:43
Surya Fitria,5,menjalani hidup jadi lebih mudah,2026-02-28 20:15:13
Vian Mandacan,5,terbaik,2026-02-28 20:00:23
ANDREAS PRATAMA,5,good,2026-02-28 19:59:17
Octavia Sartiana,5,Mudah,2026-02-28 19:51:39
muhammad imron,5,mudah,2026-02-28 19:49:38
Imah Anwar,1,"semakin di update semakin ngeblank putih, semakin gak bisa di gunakan ,",2026-02-28 19:47:46
Reandra Dwi,5,good,2026-02-28 19:46:28
sehu rahayu,5,amanah,2026-02-28 19:43:37
rudi yana,1,mau transfer tapi selalu keluar kode MTMU sangat mengecewakan👎,2026-02-28 19:36:22
OhMyBaby Eunseooo,5,bagus,2026-02-28 19:35:04
Kahfi Aulia Yanuar,1,min kenapa kartu brizzi saya jadi gabisa top up di DANA,2026-02-28 19:33:06
Siti Masitah,4,"bagus mempermudah transaksi, cuman sayang sekali sering kena kode😮‍💨",2026-02-28 19:24:02
Suharno Hasyim,1,applikasi nggak bisa dibuka kenapa? biasanya bagus. instak ulang baru bisa tapi dipakai sekali nggak bisa dibuka lagi pusing emailnya kemana? kenapa harus uninstal lagi begitu terus rumit verifikasi terus,2026-02-28 19:18:10
Fifi Khoirunnisa,4,bagus dan cepat,2026-02-28 19:17:42
Ichan Soewandi,4,"ribettt bin ribettt abis di update malah gabisa Masuk ,udh ngisi data""semua ganti sandi pw, udh masuk eh disuruh verivikasi lagi, KTP trus ngadat lama KTP tidak dikenal diulang lagi bisa ehh malah verivikasi muka yang gabisa keselll ujung ujungnya muncul tulisan tunggu 24 jam anda terlalu banyak aktifitas sialll",2026-02-28 19:16:04
Darlili Lili,5,"memudahkan sekali transaksi dari rumah, saya sangat suka menggunakan aplikasi ini",2026-02-28 19:14:37
Heni Rahmawati,4,memudahkan transaksi antar bank,2026-02-28 19:11:09
Alex Heru,5,Aplikasi brimo bagus mudah penggunaannya saya suka👍👍👍👍👍🙏,2026-02-28 19:10:45
HZ ID Official,3,"Saya salah satu pengguna BRImo minta tolong di tingkatkan lagi sistem update inpormasinya biar lebih terpercaya, pasalnya saya telah melakukan stor pinjaman BRI tetapi nominal total tagihan tidak menurun/berubah.",2026-02-28 19:10:02
Nitha Wahyu,4,"aplikasinya bagus, mudah dipahami..tapi akhir2 ini sering gak bsa login, slalu muncul layar putih..sya coba hapus cache , update versi trbaru tp ttep gak bsa..sya hrus uninstall dan download lg, bru bsa login dan sdh berkali2 sperti itu, pling bsa d gunakan 1/2 kali lalu trulang lg gak bsa login..mhon d perbaiki lagi",2026-02-28 19:09:09
Rio Vlog,3,"pada menu pengajuan pinjaman,itu sepertinya hanya kusus para petinggi yang minimal pinjamannya 500 juta keatas. sedangkan kalangan menengah tidak mampu untuk pinjam sebesar itu dengan waktu 2-3 tahun",2026-02-28 19:04:28
anggar prajitno,5,pelayanan memuaskan sekali,2026-02-28 19:03:51
Sakti Manda,5,sangat membantu,2026-02-28 18:59:49
yanna mulyana,5,sekarang aplikasi brimo sering nge blank putih tampilannya jadi gak bisa digunakan,2026-02-28 18:56:34
Je Poy,5,uyeee,2026-02-28 18:52:30
Dwi Apriyanto,5,se jauh ini gk ada masalah ..mohon di tingkatkan keamanannya ....,2026-02-28 18:50:15
Agusriski 17,4,mantap,2026-02-28 18:37:03
Yu jimin,5,"ini apl sistem verifikasi nya ribet amat, verifikasi wajah kenapa gagal mulu? terus ada pemberitahuan, katanya davice yg saya pake terdeteksi aktivitas mencurigakan, dongo dongo. padahal banyak loh yg pake BRI tapi sisitem nya masih jadul",2026-02-28 18:36:03
Silvi Amelia,5,"sangat membantu dan bermanfa'at, BRImo memang bagus",2026-02-28 18:30:28
Anu Mbul,5,sangat membantu,2026-02-28 18:30:08
Dgbaji Cell,5,setelah sy pake aplikasi brimo Alhamdulillah bagus sekali mau transfer bisa mau isi pulsa bisa pokotnya brimo bagus sekali 👍,2026-02-28 18:29:38
Karmin,5,Bank Terbaik,2026-02-28 18:26:58
Laberki Channel,5,mantap,2026-02-28 18:26:26
Mayang sari,4,halo kk ini kenapa ya brimo saya tidak bisa login ? sudah 4 hari ini kk tolong bantuan nya dong kk,2026-02-28 18:14:28
sofah lsm,5,Semua dipermudah dng adanya BRImo. Transaksi lbh cepat,2026-02-28 18:10:56
Fahri Algih,5,sanggat puas,2026-02-28 18:06:40
Roman syah,5,jadi susah masuknya,2026-02-28 18:03:22
sahdan mardjan,5,terbaik,2026-02-28 18:03:05
Rizal Efendi,1,ssangat jeelek dan sering gangguan,2026-02-28 18:02:05
afrillia,5,jooizzzzz,2026-02-28 17:55:18
Yowan Latief,5,ok,2026-02-28 17:54:41
Irene Krisma Nahak,2,mengapa aplikasi brimo tidak bisa di buka,2026-02-28 17:53:45
Rilna Parera,5,Aplikasi BRImo memang terbantu sekali dan mantap👍🏻,2026-02-28 17:52:30
Ichad Hatibae,1,aplikasi cukimai,2026-02-28 17:49:35
Akil Pace,1,"aplikasi sampah, banyak bug pas mau login tiba tiba blank putih!! kagak bisa login tuh perbaiki dong, urus tuh !",2026-02-28 17:48:18
Belajar Tebleau,5,terbaik,2026-02-28 17:42:28
Audy Tuilan,5,sangat baik,2026-02-28 17:40:49
Muhammad Rasyid,1,"Mau login aplikasi susah banget scan wajah dan selalu gagal,Ujung-ujungnya perangkat saya ditolak/Device ditolak sudah lebih satu minggu saya coba login lagi tetap terhalang device ditolak,Sudah cari solusi di Akun WA resmi BRI tapi tetap gak dikasih solusi sampai masalahnya selesai,Fitur live chat di WhatsApp juga tidak membantu sama sekali. sudah saya coba di perangkat yang lain juga tetap sama ujung-ujungnya mentok di verifikasi wajah dan selalu stak di device ditolak,Tolong segera diperbaiki",2026-02-28 17:40:35
Pelangi Manokwari sunarto,5,sangat memudahkan,2026-02-28 17:39:31
Tri Yono,2,"halao kak, kenapa ya brimo punya saya gk bisa di buka, pas di buka cuma berwarna putih🙏🙏",2026-02-28 17:38:15
fauzan alqimnatziar,5,menarik,2026-02-28 17:36:50
Om Garenk12,5,Rekomendasi,2026-02-28 17:35:19
Ilra 890,5,biar bintang yg berbicara,2026-02-28 17:31:51
Adriela,5,cepat dan gampang untuk di akses,2026-02-28 17:26:20
Agusta Kuruwop,5,Sangat membantu saya,2026-02-28 17:24:15
Fuad Halwani,5,luarbiasa mantab,2026-02-28 17:22:20
Mhd Nurul Arifin,5,"halo kak, sebelum nya saya mau ngasih tau masalah brimo ini sudah ke beberapa kalinya apk brimo saya susah login awal masuk nya tampilan brimo habis tu langsung layar putih semua sudah ku tunggu lama masih gk bisa ku restart hp ku juga gk bisa login jadi saya mohon tolong pengertian nya untuk bisa mengatasi masalah ini kak, Terimakasih🙏",2026-02-28 17:19:46
Azzarudin,5,sangat membantu skali 👍👌👏🙏,2026-02-28 17:18:07
Yono Tupar,5,bagus mudah di gunakan dalam bertransaksi,2026-02-28 17:15:46
Sibontot Hoki,5,kenapa sering tiba2 error gak bisa di buka,2026-02-28 17:03:04
Itsme Jaya,1,mau bangkrut wkwk,2026-02-28 16:57:45
SNP INDONESIA,5,sangat membatu,2026-02-28 16:55:41
Agung Setiawan,1,gak bisa dibuka....ada pe.beritahuan pengaturan aksesbilitas,2026-02-28 16:52:08
Rauf Darisurga,5,keren pokoknya deh,2026-02-28 16:43:39
imam yusuf wahyudi,5,transaksi lebih mudah dan uang bertambah😁,2026-02-28 16:42:27
Arman Gizel,4,ok mantap,2026-02-28 16:42:21
Nico Andreas,5,lumayan,2026-02-28 16:33:45
Nur Dahlia Hasibuan,5,okkk,2026-02-28 16:30:35
Fitri indah sari,5,mengapa brimo saya tidak bisa di buka?,2026-02-28 16:29:46
Gufron Madurejo,1,mengecewakan sekali,2026-02-28 16:26:29
Parman Alfarisi,1,aplikasi paling ribet,2026-02-28 16:24:42
Okta Chand,1,susah verifikasi... dicoba seharian g bisa bisa,2026-02-28 16:23:27
Tony Restu,5,sangat membantu,2026-02-28 16:22:37
Faisol Umam,5,ok,2026-02-28 16:22:15
Yoyok Wibowo,1,aplikasi brimo gak bisa di buka...cuman putih ja....,2026-02-28 16:20:17
Haryaning Mahbubah,5,"Alhamdulillah mantap transaksi, data lengkap",2026-02-28 16:14:21
Danisiti,5,sangat terbaik,2026-02-28 16:14:20
latiful akbar,5,top deh,2026-02-28 16:11:25
Adli Harahap,5,keren,2026-02-28 16:11:07
Mahyudin Mahyudin,5,cepat tepat terjangkau,2026-02-28 16:08:15
Amirul Mashuri,5,dapat membantu,2026-02-28 16:06:20
Sigit Firmansyah,5,mudah,2026-02-28 16:05:13
Sariyanto,1,"Nyesel setelah update, tidak bisa login, verifikasi wajah gagal terus, padahal sudah sesuai intruksi. sudah ke 4 kalinya mencoba.",2026-02-28 16:04:06
Mintol Koplak,3,punyaku kok gk ada tulisan belum punya akun ya malah langsung tulisan daftar knp ya,2026-02-28 15:56:57
cikgu amir,5,simpel dan cepat,2026-02-28 15:45:49
Dendri Anggahuni,5,good,2026-02-28 15:36:55
Toyib Zainal,5,ditingkatkan.,2026-02-28 15:28:22
yendi doank,5,Saya kesini setelah BRI mobile tidak bisa saya akses,2026-02-28 15:25:17
Tengku Reza Fahrin,5,mantap,2026-02-28 15:24:24
Arisa Marsaniningsih,1,"rekening berkurang sendiri, minta bantuan online malah ditolak 3x",2026-02-28 15:23:58
Riki Andika,5,maaf akun saya mau minta tolong bisa tidak yaa🙏 akun saya bernama RIKI ANDIKA nomor brimo nya berapa saya tidak hafal mau login,2026-02-28 15:14:03
Ham Dani,4,mudah,2026-02-28 15:12:16
Misa Misa,5,good,2026-02-28 15:11:24
Maisya Febrianti,1,"jelek, aplikasi tidak bisa login. white screen terus menerus.",2026-02-28 15:09:08
dyah ratih,5,thanks gw bisa transfer lagi buat berbuat kebaikan. makasih brimo,2026-02-28 15:07:36
ALDekhan 1212,5,praktis mudah dan cepat,2026-02-28 15:07:27
Endang Sulistiyani,5,sangat membantu aplikasi yg memudahkan bertransaksi keren 👍👍🤝,2026-02-28 15:06:13
Borneo Tanjung777,5,sangat membantu dlm transaksi,2026-02-28 15:05:40
Turmudi AR,2,setiap kali buka harus login ? apa ga ada cara lebih mudah ? resiko salah p/w dan username berujung pemblokiran. beri petunjuk agar bisa lebih mudah,2026-02-28 15:05:23
Edi Santoso,5,trimakasih,2026-02-28 15:02:58
Ujang Virgo,5,sangat membantu dan mempermuda segala akses pembayaran.......aplikasi sangat berguna,2026-02-28 15:02:18
Ida Budi Astuti,5,memudahkan bertransakai,2026-02-28 14:57:19
Anjar Iryandi,5,"cepat,, pelayanan nya bagus",2026-02-28 14:57:17
David Sinaga,5,yang yujjju,2026-02-28 14:56:59
Tuti Alawiyah,5,sangat membantu,2026-02-28 14:54:57
Muhammad Ridwan,5,bagus mantap...memudahkan pengguna...,2026-02-28 14:46:26
Shinta Hardy,5,mudah mengoperasikanya,2026-02-28 14:43:23
Hendry yanto,4,mantap,2026-02-28 14:36:58
Abe Nyobain,5,Sangat membantu..,2026-02-28 14:33:12
Yulihartono Tono,5,sangat bagus sekali,2026-02-28 14:23:08
John Day,1,BRIMO klo jarang login kenapa ga bisa di buka .harus di download ulang .terus mesti verifikasi data lagi jadi ribet .,2026-02-28 14:22:02
Abd Basyir,5,cepat dan sangat membantu mempermudah,2026-02-28 14:18:08
Teguh Teguh,4,mahal biaya tf kelain bank tf 18000 kena biaya 6000,2026-02-28 14:17:55
Wira Suhendra,5,sangat bagus,2026-02-28 14:16:08
Mirhan Mainda,5,"permisi kak, ini kenapa aplikasinya gk bisa login",2026-02-28 14:12:30
Imah Rizal,4,knp yah brimoku setiap ada notif bunyinya gak brimo gtu tp yg lain giliran di hp mamaku dan suamiku notifnya bunyinya brimo hpku doank yg enggak😓,2026-02-28 14:11:47
Dami Nino,5,terbaik,2026-02-28 14:10:29
Nyong Amir,5,pelayanan cepat sangat memuaskn,2026-02-28 14:08:27
Syafrizal Viktor,5,"mudah,praktis,episien,dan cepat",2026-02-28 14:05:50
Saifur Rohman,5,pokoknya suka bgt,2026-02-28 14:04:11
Asep Rusmana,1,"benar"" heran sama nih aplikasi brimo saya baru reset HP terus coba login brimo lagi udah sukses, udah berhasil masuk ke menu brimo, tapi kenapa pas mau lagin yg ke 2 harus dari awal lagi, sampai seterus nya sudah 3 x gini terus, memang aplikasi sampahhhhh",2026-02-28 13:55:30
Yasir Sir,1,"brimo nya selalu yg muncul layar putih trs,, smpai cape",2026-02-28 13:51:22
Venansius Manalu,3,sering delay padahal jaringn bagus,2026-02-28 13:50:22
Rudi Hartono,1,"respon nya lama, ada masalah dinasabah tidak cepat tanggap, payah lah",2026-02-28 13:49:50
GAFURI paringin,5,kenapa sekarang aplikasi brimo nya tidak mau padahal kemren maseh mau sekarang bila masuk kembali Lagi keawal,2026-02-28 13:41:16
Radi hezkiel Nduru,5,mudah dan sangat membantu,2026-02-28 13:40:21
Irma Mala,5,mudah & praktis klau mau krim uang,2026-02-28 13:34:35
Sugeng Febri,5,sangat memudahkan,2026-02-28 13:32:49
Rudiyansyah,4,coba dulu..,2026-02-28 13:31:09
theo theo,1,hadehhhh disuruh masukin kode otp tapi kode otpnya gak dikirim,2026-02-28 13:30:52
Samsung 4224 aje,5,sangat membatu,2026-02-28 13:19:42
Alam Ramdhani,5,mantap... tingkat kan selalu ya bri...,2026-02-28 13:09:30
Rina Nose,5,knp akun brimo saya tidak ditemukan ya???gmn ngatasi ny,2026-02-28 13:05:29
Puji NaraMaldi,5,praktis ya ada Mbanking.Ditingkatkan keamanannya LG ya,2026-02-28 13:02:19
Nony Aleupah,5,keren,2026-02-28 13:01:57
Muhammad Agus Sholihin,5,Alhamdulillah mudah digunakan dan memudahkan,2026-02-28 12:53:49
Tati Sumarti,5,pengalaman saya sebagai pengguna BRImo sangat memuaskan karena disituasi apa saja terkecuali masalah internet kami bisa menggunakan dg lancar,2026-02-28 12:53:35
andik triwibowo,5,sangat membantu,2026-02-28 12:53:00
Imaez siti,5,semua jadi mudah 👍👍👍,2026-02-28 12:52:59
Nurukhtikhasanah Nurukhtikhasanah,1,ini aplikasi busuk sayaudah masuk keluar sepentar harus login terus masukin aku ga bisa tolong di perbaiki lagi sangat sangat mengecewakan,2026-02-28 12:52:41
BAL GAMING BARU,5,good,2026-02-28 12:49:59
Gunawan Klepu,2,"kenapa sekarang susah sekali di buka, aplikasi sering gak respon, sekali di hapus data harus masuk ruwet sekali... tolong di tingkatkan, pengguna samsung galaxy s7",2026-02-28 12:49:40
Zarah arah,5,"Alhamdulillah, saya sangat terbantu dgn diberikan kemudahan oleh brimo",2026-02-28 12:47:43
Arwindo Arwindo,4,sangat membantu,2026-02-28 12:47:18
Widyartha anggara,5,bagus,2026-02-28 12:47:17
Fajar Tegal,4,bagus,2026-02-28 12:39:55
Anggara Tanjung,1,kenapa yah selalu keluar mulu masukkan akun teruss padahal udah di masukkan besoknya gabisa di buka lagi di suruh masukin akun lagi,2026-02-28 12:36:29
Sri Yanti,5,ok,2026-02-28 12:35:47
aing pisan77,5,oke,2026-02-28 12:35:01
Huand Selalu,1,apk gk bisa di buka... udah di riset ulang udah di perbaharui ttp sama... gk bisa log in...,2026-02-28 12:31:51
Siti Rohimah,5,semua jadi mudah mksh brimo,2026-02-28 12:29:55
Kasbiah Sunggu,5,lebih praktis mengirim dana,2026-02-28 12:21:38
Yusuf Sofiawan,1,Kita butuh menu screenshot pada layar saldo rekening!! Tiba tiba tidak bisa diScreenshot dalam aplikasi. Sangat bikin was was kalau saldo tetiba hilang dan kita lupa berapa saldo terakhir. Pertimbangan untuk pindah bank saja.,2026-02-28 12:19:28
Riki Suhardi,5,pokonya terbaik,2026-02-28 12:18:54
Papang Pang,5,"Sangat membantu, terimakasih",2026-02-28 12:14:10
Shabian Azzam,5,mudah,2026-02-28 12:13:51
Suho Exo,2,kenapa duit suka hilang sedikit2 sih. kebiasaan bnget ungku Bru nyimpan 4 harian aj hbis hmpir 200 rb,2026-02-28 12:03:15
Agus Sopian,5,penggunaan apkikasi sangat mudah dan simpel.,2026-02-28 11:58:56
Samsul St,5,ok. sangat memudahkan,2026-02-28 11:55:08
Hena hariezqiana04,5,sangant bagus dan mempermudah transaksi dan menabung,2026-02-28 11:51:17
Fitsal Official,5,"kenapa ya sekarang susah buat di buka suka bleng putih ,dari dulu pake gak pernah kaya gini padahal ,mohon bantuannya",2026-02-28 11:48:23
Supri Yadi,5,"bikin mudah di setiap langkah,,👍👍👍",2026-02-28 11:47:50
Rachmat Mauluddin,5,Bagus,2026-02-28 11:47:14
Nisa Fitri,5,sangat membantu.....,2026-02-28 11:44:04
Maulansetiawan Setiawan,1,ko notikasi ya klw ada uang masuk sma keluar gk ada ya,2026-02-28 11:43:53
Komeng,2,"brimo skrang aneh akhir² ini.. aplikasi jarang dibuka, sekalinya dibuka aplikasi malah blank putih, lalu keluar dari aplikasi(tidak dapat masuk) tolong perbaiki agar transaksi menjadi lebih mudah",2026-02-28 11:43:48
Ari Handoko,4,Alhamdulillah Admin membantu terima kasih.,2026-02-28 11:43:23
Lucky 11,2,"udah 5x hapus donlot ulang, ga bs dipakai, eror trs, kukut ae",2026-02-28 11:42:19
Anis Wulandari,5,mantaapp sekali,2026-02-28 11:27:37
DADDY AL-FATIH,5,baik dan lancar,2026-02-28 11:25:39
Jaya Arya Mukti,5,ok,2026-02-28 11:20:58
Hasim asarie,5,bagus semoga bisa amanah dan tanggung jawab,2026-02-28 11:17:20
akhmad madu,5,good,2026-02-28 11:14:57
andri 01,4,"mempermudah dalam bertrangsaksi minusnya aplikasi sering ada masalah terpaksa d hapus, donload lagi",2026-02-28 11:14:04
Jusin Surilusna,5,sangat baik,2026-02-28 11:13:58
adih 123,5,Selama Ini Sy Cukup puas,2026-02-28 11:11:35
Fiki Sifa,5,bagus,2026-02-28 11:07:18
Krisna Wijaya,1,"aplikasi tidak stabil setiap kali buka blank putih dan harus hapus data buat login mulai awal, sangat menyusahka.",2026-02-28 11:05:23
Lisna Wati,4,"Alhamdulillah, kemaren sempat keblokir karena nomor hp hilang,setelah di urus semua kembali lancar,BRImo masih pilihan utama",2026-02-28 11:04:37
kevnxg,1,SUMPAH BISA GAK LOGIN TUH GAK USAH DIPERSULIT TERUS!!!!!!!,2026-02-28 11:01:57
Suci Lestari,5,mudah dan mantap,2026-02-28 10:59:17
Tri Setia,5,Terbaik,2026-02-28 10:57:43
Lusi Sumardan,1,brimo sekarang tiap log in harus verifikasi terus.,2026-02-28 10:54:35
Devid Ryon,5,"bagus, ada harapan baru",2026-02-28 10:50:51
Dini Rahmawati,5,sangat bagus,2026-02-28 10:48:07
Satya Magala,5,Mantab applikasinya,2026-02-28 10:47:20
Chivalry,1,aplikasi jembut,2026-02-28 10:45:16
Hamidah Gultom,5,"Masjid tabarakallah, Bank yang sangat baik",2026-02-28 10:45:15
Saisa Delima,3,Apk blank putih,2026-02-28 10:43:33
Slamet Widodo,5,bagus sangat membantu,2026-02-28 10:41:28
Hoerul Anwar,1,jujur kecewa samaa BRI keenappa setiap terangsaksi gakk bissa ke dana muncul mut# Mulu capekk deh di login nin gakk masuk masuk hapus aplikasi dah jaagann pake bri,2026-02-28 10:39:52
Erni Tea,5,mantab👍👍👍,2026-02-28 10:37:19
Kisworo,5,transaksi jadi lebih mudah,2026-02-28 10:35:57
Khen,5,ok,2026-02-28 10:33:14
Asep Supriatna,5,sangat memuaskan,2026-02-28 10:28:51
bang eugene,1,capek banget harus setiap hari login ulang dan verifikasi ulang terus 👎👎👎,2026-02-28 10:26:38
Gacul 13,1,Gak Bisa Ganti Kartu HP,2026-02-28 10:24:22
Endang Sundari,5,lebih mudah cepat tidak pakai antri 👍,2026-02-28 10:22:27
Lasrita Efriyanti,5,"hallo KK aplikasi brimo ni bagus sgt membantu sekali tapi sgt di syg kan kenapa skrg tidak bisa dibuka,saat mau masuk biru tiba2 lgsung keluar layar putih.padahal sudah mode pesawat dan hapus chace sm juga",2026-02-28 10:19:26
neha 14,5,keren,2026-02-28 10:15:07
alvian samani,1,setelah di update..tidak bisa lagi untuk login,2026-02-28 10:14:22
Nico Aryasaga,4,mantap jiwa,2026-02-28 10:13:22
SUGENG RIYADI,1,"verifikasi wajah gagal terus,padahal semua data sesuai KTP, kamera bagus,sinyal bagus, pencahayaan bagus,foto jelas.tapi masih aja gagal terus.ribet banget nih apk.cuman kyc aja kok susah banget",2026-02-28 10:13:04
Asri Joni,5,sangat mudah di gunakan dan sangat simpel.. sangat membantu sekali serta hemat waktu dalam bertransaksi,2026-02-28 10:12:56
Larasati Dwi,5,"kenapa sih sekarang ceria gak ada fitur tarik tunainya, dan tenornya cuman 6 bulan, please balikin kaya semula aja, ada tarik tunai dan tenornya sampai 12 bulan, karena itu benar-benar membantu nasabah. Mohon dipertimbangkan",2026-02-28 10:12:42
Oplos Oyag A Team,5,"jangan neko neko, hati hati",2026-02-28 10:12:20
Zaenal Mutaqin,1,bank taiii..BRI taii.. kirim uang dari hari Jumat jam 11 siang sampai 3 hari.. dasar bank taiii Persero taii .. program kaya taii ..,2026-02-28 10:12:18
Muhammad Azmi,1,"taee gajelas banget nih, masa tiap mau login harus verifikasi KTP sama foto wajah mulu, mana satu hari cuma bisa maksimal 3x",2026-02-28 10:10:37
daffin Cool,5,mudah cepat dan praktis,2026-02-28 10:06:22
Arin Annur,4,"min tolong, bank sampoerna hilang dr daftar bank penerima transfer, tolong di update kembali",2026-02-28 10:05:41
Khaila Putri,5,bgs sekali,2026-02-28 10:04:16
Anis Yesriyani Anis,5,aplikasi yang sangat bermanfaat,2026-02-28 10:03:38
SAHER CHANNEL,5,ok,2026-02-28 10:03:02
April Mbau,3,login sering tidak bisa,2026-02-28 10:01:35
Sarah Sacadipura,5,ok,2026-02-28 10:00:44
Lunaf Padang,5,Brimo ok,2026-02-28 09:59:28
Mido Smith,5,bintang berbicara,2026-02-28 09:56:20
Adhly Vixion,5,mantap,2026-02-28 09:56:07
Kaka Paloh85,5,"sangat membantu saya dalam melakukan transaksi dalam waktu tercepat,tapi dalam waktu dekat ini kenappa brimo tak dapat login??",2026-02-28 09:53:26
Madam Putra,5,mantap,2026-02-28 09:53:26
Abang Aso,5,bagus banget,2026-02-28 09:48:34
tongga masbro,2,sering kali layar putih begitu mau masuk aplikasi brimo....kejadian mulai des kemarin sampai sekarang petugas cs sampai mengeluh gangguan sama,2026-02-28 09:45:40
Zam Zam,4,cukup memuwas kan,2026-02-28 09:44:28
Dede Rumansyah,5,aplikasinya bagus banget lancar dan sangat memuaskan,2026-02-28 09:42:17
Akhamd Tirta,1,"masa udah aktivasi login,pake KTP ,vekmuk terus pas udah logout disuruh aktivasi lagi,buang waktu mana kadang gangguan,",2026-02-28 09:41:55
yune irmayani,5,mudah dan praktis.....,2026-02-28 09:16:03
Una Maryana,5,baru pertama bagus se x mempermudah smua nya,2026-02-28 08:59:59
Muzi Man,4,"masukan nominal 50.000 di daftar penarikan tunai, supaya memudahkan bagi nasabah yang ingin menarik pecahan 50.000. trimakasih",2026-02-28 08:59:35
iswatun azam,5,Nyaman dipakai untuk bayar²,2026-02-28 08:54:34
Zakaria Ritonga,5,saya sangat Suka dengan Aplikasinya sangat Membantu dan Mudah untuk transaksi apa pun.,2026-02-28 08:53:30
Saepul Hamami,5,okkemm,2026-02-28 08:51:00
Herman Belink,5,Baik,2026-02-28 08:50:23
TRISNO UTOMO,1,"selalu gagal dalam verifikasi wajah. beda banget sama bank² lain. udh dicoba ratusan kali tetep gagal terus. udh hubungi call center via tlpn, email, dan sudah dateng ke cs langsung di bank tetep belum berhasil. tolong dong klo buat aplikasi itu yg mempermudah usernya. kalo tdk buat payroll saya gk mau pakai BRI",2026-02-28 08:46:48
Solo Naswa,5,amanah,2026-02-28 08:43:49
Oppo,1,halo kak.saya sudah ada ATM .mau daftar brimo GK tau caranya,2026-02-28 08:43:22
Nila Natalia,5,Ok,2026-02-28 08:43:05
JSR Titipan illahi,1,"tidak bisa masuk verifikasi KTP gagal padahal dulu daftar nya aman,, saja tidak ada solusi",2026-02-28 08:37:31
Marlina Ocha,5,"jadi lebih gampang untuk Bertransaksi, happy",2026-02-28 08:37:22
Hamdani Doel,5,"baru kali ini saya menggunakan aplikasi brimo,jadi mudah berbisnis.",2026-02-28 08:31:22
Muhammad Alfian,5,manyap,2026-02-28 08:20:33
Eko Maria,4,kenapa gak aktif padahal uda aku isi saldo tetep gak bisa,2026-02-28 08:20:05
hairunisa Spt,5,kenapa yaa brimo aku nggk bisa login,2026-02-28 08:19:53
Trk Nirmala89,5,"semoga bisa lebih baik kedepannya,dan keamanan ttp dipercaya",2026-02-28 08:16:38
Hamb Phamb,5,Alhamdulillah Brimo ku lancar.,2026-02-28 08:16:29
Amluna Maulana,5,sangat bermemfaat dn membantu proses transaksi👍,2026-02-28 08:16:12
Roha Yati,5,oke,2026-02-28 08:14:40
Muhammad Rasyidi,5,sangat membantu,2026-02-28 08:08:52
Ahmad cahyono cahyono,5,"Brimo saya sering eror gak bisa login,mau login tiba2 keluar warna layar putih dan gak bisa,ini sudah ke empat kalinya,",2026-02-28 08:07:29
Husman M 92,5,mantap👍👍,2026-02-28 08:00:52
Dwi satrio Widodo,5,sangat bagus,2026-02-28 08:00:50
Nyoman Wijaya,5,memudahkan dibandingkan bikin kartu atm di cabang sering dibilang full,2026-02-28 07:57:48
ilyas Gilang,5,mantap,2026-02-28 07:53:12
Stella Lewu,5,sangat bagus,2026-02-28 07:52:49
Antonia Wati Werang,4,sangat membantu,2026-02-28 07:44:45
M ichsan Ichsan,5,mantaap,2026-02-28 07:40:23
Agus Sugianto,5,membuat aktivitas bayar dan di bayar lebih mudah,2026-02-28 07:34:29
Andi irawan,5,"sang at membantu, terima Kasih.",2026-02-28 07:29:42
Ristan Tiktok,5,baguss,2026-02-28 07:24:37
Dana Krisnanta,5,aplikasi bagus. mempermudah proses transaksi kapanpun dan di manapun.,2026-02-28 07:18:47
Prasetiya Adi,3,"sangat membantu sebenarnya..tetapi terkadang aplikasinya tidak bisa dibuka..harus download ulang,foto ktp lagi..baru bisa dipakai..terus""an kaya gini, m-bangking lainnya gak kek gini",2026-02-28 07:17:38
avgini kampong,5,Mantap 👍👍,2026-02-28 07:05:20
Eko Laxono,5,Bagus dan transaksi cukup lengkap sehingga lebih mudah kita lakukan apa saja,2026-02-28 06:54:04
Zilong No1indonesia,5,sidik jarinya macet terus capek tapi itu aja yang lain oky bagus gak mengecewakan,2026-02-28 06:50:06
Muhammad yusuf,1,Asalamualaikum wr WB kok di halaman login nya ga da tulisan ga nti akun,2026-02-28 06:44:50
Nadin Dinda,5,peroses sangatlah mudh terimakasih,2026-02-28 06:34:06
Panca Indra,5,nyaman aman,2026-02-28 06:31:22
Riki Putraa,5,praktis dimana saja,2026-02-28 06:24:57
Icuz Fathi,5,"Alhamdulillah 🤲 .Dengan menggunakan Brimo kini lebih mudah.Terimakasih BRI, terimakasih BRImo....🙂✨️",2026-02-28 06:21:29
Siti Syaadah,5,wow banget pokonya,2026-02-28 06:18:55
dhiemas andiko,5,sangat membantu,2026-02-28 06:18:33
"Ali Imran, SE.",1,potong besar merugikan nasabah BRI,2026-02-28 06:17:17
Sinta Mega,3,"ga tau lagi mau gimana,masa harus hapus instal mulu karna ga bisa login",2026-02-28 06:16:23
Siti Makhfiroh,5,cepat dan mudah,2026-02-28 06:13:36
Keddy Fadilah,5,good,2026-02-28 06:12:11
Raharta Bhuana,5,bagus sekali..mempermudah segala transaksi,2026-02-28 06:03:41
Herty Mahendra,4,"hallo kak mohon maaf, kenapa ya aplikasi brimo saya tidak bisa terbuka? saya sudah coba berapa kali tapi tetap tidak bisa.",2026-02-28 05:59:10
adnan rayzan,5,mantep,2026-02-28 05:57:44
Nikson Jhonson Sinaga,5,mantap dan akuntabel,2026-02-28 05:56:53
Saido. Gs.,5,Alhamdullillah dengan ada aplikasi Brimo semua jadi mudah.gak ribet.bayar ini itu cukup di genggaman tangan. terima kasih.,2026-02-28 05:54:01
Ira Irama,5,sangat membantu dan sangat bermanfaat untuk saya...,2026-02-28 05:53:40
Subur tba,5,sangat membantu sekali,2026-02-28 05:52:08
Triana anna,2,aplikasi tidak bisa di buka layar putih beruang kali walaupun udhdi perbaharui,2026-02-28 05:47:49
Amar Nopriyadi,5,good,2026-02-28 05:45:39
Ihsan Ramadan,5,pemakaian 7 bukan masih aman🤗,2026-02-28 05:41:32
Kiamu Madi,5,good,2026-02-28 05:41:11
Warnasa 22,5,baik,2026-02-28 05:35:58
SILTER,2,"perkara tidak login 1 hari saja , berulah kembali .. ini sudah 3x yah selalu ngeblank , layar putih kosong saja gk ada tampilan birunya beranda login .. ini sudah 3x terjadi & saya haru uninstal lagi .. kamu kira ketika uninstl & instal kembali & login tuh tidak ribet kah ? jadi mempermainkan orang terus .. instal hapus ,instal hapus , begitu terus hanya karena perkara tidak login seharian . pelayanan kalian paling terburuk sudah .. sangat tidak puasss..#",2026-02-28 05:35:09
Asniar Umi,5,Baik,2026-02-28 05:29:45
Arya Syaputra,5,mantap gampang,2026-02-28 05:29:17
rizky ardiyan,5,sgt membantu,2026-02-28 05:19:46
Galih Yoga,5,aplikasi bagus.... tapi udah 3bulan terakir ini...ada kendala layar tiap buka aplikasi brimo layar warna biru terus ngeblang warna putih....udah restart..udah uninstal..udah hapus chace...udah hapus data....udah aktivasi lagi kembali ke layar putih lagi..tolong dibantu..saya juga udah minta tolong sabrina juga sama aja masih layar putih..udah kirim email pengaduan masih sama aj tampilan layar putih..tolong dong dibantu...,2026-02-28 05:18:48
anjar rohmulyono,5,"membantu,dan mudah digunakan",2026-02-28 05:13:35
Ulung Ham,1,tidak bisa di buka,2026-02-28 05:07:22
Sakti Parerengi,5,bagus,2026-02-28 05:07:05
Nazir Yakkub,5,"Brimo emang memudahkan urusan keuangan, mataap",2026-02-28 05:03:50
Wachid Abraham,5,sangat membntu,2026-02-28 05:01:50
Deny Rohim,2,g bisa login lg,2026-02-28 04:55:03
Lisa Kristiana,5,mantap,2026-02-28 04:54:59
Jarno Keling,5,mantap sih,2026-02-28 04:53:52
Maroef Sontrol,5,mantap,2026-02-28 04:45:04
Ujang Rahmat,5,mantap.keamanannya makin ketat.sipp,2026-02-28 04:32:10
Maryam Khoirunnisa Haq,5,sangat membantu,2026-02-28 04:31:20
Muhammad faisal,5,mantap,2026-02-28 04:29:12
Erwin,5,ok,2026-02-28 04:22:06
Hendra Maks,5,saya menyukainya karna mempermudah dalam melakukan transaksi,2026-02-28 04:18:09
Joko Wilastiyo,5,mantab,2026-02-28 04:13:19
Muhammad Fadkhan,5,brimo eror,2026-02-28 04:03:22
Maryadi Cepex,4,bagus,2026-02-28 04:01:44
Ameena Cantik,5,good job,2026-02-28 04:01:09
Marsel Paath,5,trimaksih aplikasinya sangat menolong,2026-02-28 04:00:32
Maesha,5,daftar e banking di brimo ko gagal terus kenapa yah?,2026-02-28 03:59:52
Margo Mulyo,5,bagus sangat membantu dan mudah untuk bertransaksi,2026-02-28 03:58:15
Shunar Pv,5,sangat baik & sangat bermanfaat.,2026-02-28 03:57:30
Asmika Arief Asmika,5,"Aplikasi Versi barunya sekarang kok suka layar putih polos yah, sudah di upgrade dan sudah di unistal dan Instal kembali awalnya bagus eh lama kelamaan mau masuk kembali kok layar putih lagi yah",2026-02-28 03:49:28
Muhamad Ali Imron,5,bagus banget dan sangat membantu dalam transaksi,2026-02-28 03:47:38
Mambo Stable,5,sangat membantu,2026-02-28 03:40:51
Badai Berlalu,2,"susah untuk verifikasi wajah untuk ibu saya yang sudah lansia 75th, sudah tidak bisa berjalan sudah sangat tidak memungkinkan utk datang ke KC",2026-02-28 03:40:15
Abdul Mujib,5,bagus,2026-02-28 03:17:39
Freddy Rajagukguk,5,ok,2026-02-28 02:55:34
Arie Ashari,5,Sangat bagus,2026-02-28 02:37:47
Riann.,5,CEPAT CEPAT,2026-02-28 02:17:20
Ary Mapalulo,5,ok lah,2026-02-28 02:15:31
Ahmad Imronudin,2,ferifikasi wajah selalu gagal sudah konfirmasi bank tetep sama kenapa bisa terjadi?mohon dibantu,2026-02-28 01:43:06
yala setiawan,5,baik,2026-02-28 01:41:16
Iwan Payment,5,mantap,2026-02-28 01:26:34
Aditia Putra,5,mantul,2026-02-28 01:26:17
Putu Sintia,5,mantap,2026-02-28 01:18:56
Adhi CungeL,5,nice,2026-02-28 01:18:07
Babe Humene,5,cepat dan mudah,2026-02-28 01:13:22
Imam Firdaus,5,ok,2026-02-28 01:11:40
Ahmad Fikri,5,selama saya pake bri asli merasa terbantu sekali dan keamanan bagus,2026-02-28 01:02:35
Abdul Rawi,5,ok mantap,2026-02-28 00:59:42
Hall Light,1,app cacat devnya kurang op,2026-02-28 00:57:15
Bob Marlin,5,sangat membantu,2026-02-28 00:55:00
Alesha Eryfi,5,"puas,asal ada signal.",2026-02-28 00:29:09
Putri Yani,5,Oke,2026-02-28 00:27:54
Deni Chandra,5,ok,2026-02-28 00:24:45
Misnan Sunandi,4,baik,2026-02-28 00:21:03
Indah Permadani,5,"sering eror, kenapa?",2026-02-28 00:13:09
Jar ot,3,sangat sering maintenance apa lagi pas malem waktu orang2 ngisi mau tupup malah gak bisa buat transaksi,2026-02-28 00:10:06
Yuwono Bagus,4,alhamdulillah bagus dan cepat sangat efisien,2026-02-28 00:09:06
Siti Maesah,1,"tidak direkomendasikan,,,, sering ganguan. /maintenace",2026-02-28 00:00:01
chan ziz,5,"Aneh bener, ketika masuk manual menggunakan email, tanda titik tidak bisa/alias tidak terketik di box username, susah lah kalo begitu, terus apa solusinya dong???",2026-02-27 23:57:43
Amar,5,senang bisa ada brimo,2026-02-27 23:52:29
Sugi Anto,4,cepat tepat dn yerpercayah,2026-02-27 23:48:31
Anggraini Fidianty,1,ganti hp..setiap login masukin foto KTP terus.. sudah hapus cache masih aja sama..aneh,2026-02-27 23:29:32
Ira wati,5,terbaik,2026-02-27 23:26:55
Aa Iki,3,ribet mau masuk akun brimo ko susah ya salah mulu padahal udah aku catet di buku agar gk salah dan gk lupa tetep aja gk bisa masuk susah ribet banget,2026-02-27 23:25:10
Pipit Novia,2,banyak potongan yang ga jelas,2026-02-27 23:23:58
Yofih Hakekiah,3,kanapa brimo pas transfer blenk putih gak bisa transfer,2026-02-27 23:15:57
Dul argo Dul,1,knapa tdak bisa di buka beberapa hari ini,2026-02-27 23:15:54
ridho alvin tambunan,5,mantap,2026-02-27 23:13:37
uwidpordjo,5,"lancar jaya,tapi mbok ya dikasih hadiah tiap transaksi.cashback misalnya, biar kaum kebawah menikmati manfaatnya. Terima kasih",2026-02-27 23:08:55
ikbal Ikbal,1,kenapa setiap saya bukan aplikasi nya GK bisa2 layar biru langsung berubah putih dan kembali ke awal lagi.. sudah 2 hari ini..bikin saya bingung mengunakan aplikasi nya..jadi ribet bgt.kirain GK ada sinyal apa lagi eror ternyata baca ulasan semua begitu tolong min diperbaiki lagi apa apk nya biar enak..,2026-02-27 23:06:56
m sunarya,5,saat ini masih bagus,2026-02-27 23:06:38
Dian Hendriyanto,5,sangat baik,2026-02-27 22:56:12
Husnul Hertanti,5,"tolong dong brimo kenapa setiap mau transfer ke dana selalu tidak bisa, awal nya bisa tapi 2 minggu kemudian di saat mau transfer ke dana lagi selalu ada gangguan kata nya metode transfer tidak tersedia pada saat ini tolong dong brimo di perbaiki lagi, dulu awal memakai brimo tidak seperti itu dan ya untuk admin penarikan memakai kartunya sekarang malah semakin naik 🫠",2026-02-27 22:55:33
Irham Udin,5,jos,2026-02-27 22:53:57
Rafka Radita,5,proses cepat,2026-02-27 22:53:54
Ahmad Jocker,5,👍👍,2026-02-27 22:51:19
Sandy Xyzz,2,mau bayar tring pegadaian melalui briva gagal selalu,2026-02-27 22:26:51
Melson Frid,5,Sangat memudahkan,2026-02-27 22:22:33
sayunk putra,2,"sampai kapan ini BRImo for close terus?? di update gak tambah bagus, malah tambah gak bisah masuk...",2026-02-27 22:21:23
Rezi Putra,5,cepat,2026-02-27 22:19:12
Iyul Sumiati,5,saya perdana menggunakan BRImo dan alhamdulillah cepet.,2026-02-27 22:17:35
Andryr7 r7,5,cucok dg diriku,2026-02-27 22:11:33
SAMUJI KURIK,5,sangat membantu.,2026-02-27 22:10:12
Haris,5,sangat membantu dan efisien,2026-02-27 22:06:35
dukut koclok,1,pake aplikasi ini gak akurat udah bner PW tp gak bisa login PW pmulihan udah bner tp tetep gak bisa jdi harus ke kantor BRi bedah jauh sama LIVIN klo semisal gak bisa bersaing sama yg lain gak usah bikin apk ini,2026-02-27 22:05:29
Betik Tik,5,mau login gak bisa ya,2026-02-27 22:04:24
Deby Wahyu,5,mantap,2026-02-27 22:04:05
Aku Gue,5,apk hebat,2026-02-27 22:01:28
Meka Afandi,5,bagus,2026-02-27 22:00:43
Jayeng Mustiko,4,bagus,2026-02-27 21:58:24
Santi Adza,5,"senang sekali pakai BRImo cepat & mudah buat transaksi apa aj,,, trimakasih BRImo 👍👍👍🥰🥰🙏🙏",2026-02-27 21:46:37
Muhamad Syaiful,5,sangat membantu dan sangat memudahkan dalam bertransaksi,2026-02-27 21:42:46
Diana dewi,5,tempat yg paling nyaman simpan uang tabungan ku.Di BRI.🙏,2026-02-27 21:39:55
Muhamad Farhans,5,Keren brimo,2026-02-27 21:38:23
Erna Erna,5,mantap pokok nya..,2026-02-27 21:34:55
Sumard Sumard,5,bagus,2026-02-27 21:33:02
Sandy syahputra,1,"saat saya buka aplikasi brimo tidak bisa, saya lansung liat ulasan dan teryata semua yg saya alami sama dengan yg lain. saat di perlukan jadi seperti ini",2026-02-27 21:28:57
Fitriyah Handayani,5,sangat baik,2026-02-27 21:27:56
Agus Pratama,5,good,2026-02-27 21:25:55
Ramli,5,"brimo.akhir akhir ini sering tidak bisa dibuka,,, seperti tidak conec layar putih terus..capek.. mohon ditingkatkan",2026-02-27 21:25:26
Ali mahfud mahfud,5,sangat puas,2026-02-27 21:23:39
Dwi isyana Isyana,5,"bagaimana caranya login ke brimo, lupa username ? nomer hp yang untuk daftar brimo udah ke blokir dan tidak bisa menerima pesan lewat SMS, kalau buat WhatsApp masih bisa terima pesan, jadi gak bisa masuk brimo",2026-02-27 21:21:07
Sri Purnama,5,"assalamualaikum Ka maaf aplikasi brimo ini bermanfaat baget bisa nyah ga kaya gini tapi hari ini pasmasuk ada brimo setelah ituh malah bleng warna putih tolong di perbaiki karna ini sangat bermanfaat bagi sayah karna apa"" saya pake aplikasi brimo 🤗",2026-02-27 21:12:17
Kiren ariant,5,Sangat Mudah,2026-02-27 21:11:25
Muhammad Riza,1,"kendala sama seperti yang lainnya ini udah 3x saya download selama 5 hari,dan jawabannya selalu tidak menjawab,dan gaada inisiatif perbaikan apl dari bank,mending pindah bank aja bagi siapapun yang baca ini",2026-02-27 21:07:37
Nono Mulyono,4,ok,2026-02-27 21:02:36
Ali Muhammad,5,sangat membantu dan mempermudah transaksi..,2026-02-27 21:00:05
4ngga 19,4,mohon maaf ko setiap masuk gambarnya putih semua,2026-02-27 20:57:05
Ar Han,5,mantap,2026-02-27 20:55:10
4Girl Ok,3,mohon maaf kakak..BRIMO Memang berguna sekali tapi sudah 2 kali ini saya mengalami gak bisa login sama sekali 🙏 instal ulang juga susah sekali,2026-02-27 20:55:03
Moni Moni,5,mantap👍,2026-02-27 20:54:50
Fahran Zio,5,simpel n memudahkan,2026-02-27 20:53:05
Ashel Forius,4,"sementara 4 bintang, yang jadi masalah adalah ketika aku buka aplikasi brimo nyaa bukan memilih untuk login melainkan tampilan brimo jadi biru atau putih bersih nge blank kenapa yaa padahal aku udah clear chace sampe restart hp tolong dong",2026-02-27 20:52:40
Safa HR,5,"aplikasi lengkap, membuat smuanya mnjadi lebih mudah. trimaksih BRImo",2026-02-27 20:50:47
ridho properti,5,sip pokoke,2026-02-27 20:49:55
Muhammad Nasier,5,membantu,2026-02-27 20:48:59
Imam Taufik,5,mantap,2026-02-27 20:45:56
Fauziah Syahbani,5,good,2026-02-27 20:43:34
Anton simon Kandipi,5,terbaik,2026-02-27 20:42:40
Dutama Cipta Media,5,Mantap nian pokoknya,2026-02-27 20:42:32
Tejo Suhartono,5,traksaksi mudah dan cepat,2026-02-27 20:28:07
Perdi Pepek,5,duit 10ribu aku ga bisa di TF cok,2026-02-27 20:25:34
Musran Mus,5,sangat memudahkan segala urusan yang berhubungan dengan uang,2026-02-27 20:23:13
Juwairuddin Uddin,4,dgn adanya brimo sangat mudah bertransaksi di manapun & kapanpun.,2026-02-27 20:20:50
Oppo a5s,5,aman dan amanah,2026-02-27 20:19:41
Dewi Sinta,5,sejauh ini memuaskan,2026-02-27 20:18:35
Ayub Bukhori,5,sangat membantu,2026-02-27 20:16:48
Muhammad Hair,5,sangat membantu,2026-02-27 20:14:12
Nia R,2,"aplikasi bagus tapi payah. Sudah install tapi harus unisntall dan insta berkali-kali supaya bisa login. Waktu dibuka aplikasi muncul biru, kemudian blank putih dan tidak ada apa-apa. Tapi kalau di uninstall lalu di install lagi bisa login tapi ribeett harus verif KTP sama wajah terusss. Pokoknya bagus tapi bobrok gitu ajah bintang 2",2026-02-27 20:08:06
samsuddin Udin,2,hay kak kenapa sy tdk bs masuk ke aplikasi brimo sy.. mhn petunjuknya,2026-02-27 20:07:06
mirza dimas,1,"playanan sangat buruk, dan lamaa banget",2026-02-27 20:06:26
MAS Anto kendari,4,lumayan bagus,2026-02-27 19:59:30
Calonmayyit Mayyit,5,sangat baik,2026-02-27 19:57:36
Mar Juki,5,sangat baik,2026-02-27 19:56:22
Sauliah,5,apl ny bgus banget,2026-02-27 19:51:52
Rani Septiani,5,memudahkan utk berbayar thx....,2026-02-27 19:47:48
pink Pinky,4,aplikasi brimo saya login gk bisa harus hapus dan instal terus saya capek dan ribet gimana nih apa solusinya🤦🏻🙏🏻,2026-02-27 19:44:33
Ang ugi Bontot,2,Kenapa kosekarang aplikasi brimo kaya gini anda tidak memiliki rekening yang dapat jadi sumberdana di brimon padahal ada no rekening,2026-02-27 19:41:55
DODO02 GAME,5,sangat mudah di gunakan,2026-02-27 19:40:50
Abhay Wuekero,5,ok,2026-02-27 19:40:47
umi muna,5,"kenapa selalu muncul layar putih saja setelah tulisan Brimo muncul,sering banget cuma layar putih,kemarin di complain udah bisa,sekarang balik lagi cuma layar putih,apakah brimo ada kendala terus setiap akun d buka selalu muncul layar putih saja? mohon perbaikannya",2026-02-27 19:40:20
Odong Odong jakarta,5,sekarang 2026 UI aplikasi brimo smooth tidak seperti dulu UI nya masih kaku ✌️😁✌️,2026-02-27 19:40:09
emma wati,5,buruk,2026-02-27 19:37:54
Ervin Supriyatna,5,sangat membantu urusan jadi mudah,2026-02-27 19:34:38
Herlan Maulana,5,okeh,2026-02-27 19:32:29
indra gugun,5,menunya simpel,2026-02-27 19:31:53
hendrik 77,5,ok,2026-02-27 19:31:35
Fatkhul Jannah,5,kak kenapa brimo saya gk bisa d buka warna layar hanya hitam/putih padahal sinyal bagus tolong beri penjelasan terima kasih,2026-02-27 19:29:48
Saidina Ibrahim,5,"ok lah, secara efesien dan keren",2026-02-27 19:29:22
Isep Syafrudin,5,Success!,2026-02-27 19:27:28
Nasyah Verizqia,5,oke,2026-02-27 19:25:02
Kartika Ikakartika,5,sangat puas,2026-02-27 19:20:26
Alan Lando,5,sangat membantu untuk Kita semua. aku kasih kan 5 bintang,2026-02-27 19:19:30
Anto RJH (Rumah Jasa & Hukum),5,so far so good,2026-02-27 19:19:10
Madon Gacor,5,terbaik,2026-02-27 19:17:35
Bagus kentus,5,keren,2026-02-27 19:13:51
Syam suri,1,tidak bisa login...maunya install terus,2026-02-27 19:13:05
Iccang Iccang,5,sangat membantu dan sangat baik,2026-02-27 19:12:39
Geri Iwanggin,5,niceee😘😘😘😘,2026-02-27 19:11:40
Mulyadi bin Somo Slamet,5,👍👍👍,2026-02-27 19:11:08
Kiki Aritonang,5,mantap,2026-02-27 19:08:27
Erista Ita,3,"kadang tidak bisa di buka aplikasinyaa, langsung putih layarnya",2026-02-27 18:56:39
Kelvin aldiansyah,1,aplikasi sampah sering ngestuck logo login nya berat lama tolong di perbaiki bug bug seperti itu.,2026-02-27 18:54:09
Desi Eka mariyanti,5,sangat membantu,2026-02-27 18:54:08
rudin haerud,5,pelayanannya sangat memuaskan,2026-02-27 18:44:43
Manda Akilla,5,selalu membantu,2026-02-27 18:44:31
Shofi Atun,5,sangat bermanfaat,2026-02-27 18:44:03
Hery Porwoko,5,siiippp,2026-02-27 18:41:05
Rabitstemplate89,5,keren,2026-02-27 18:38:54
Aftah Lana,5,👌👌👌,2026-02-27 18:38:41
abdul khair,5,kuerennnn,2026-02-27 18:33:34
Gani Anggraeni,5,apk sangat baik,2026-02-27 18:28:32
Kasirun,4,mudah akses transaksi,2026-02-27 18:25:39
nesot11 13,5,mantap,2026-02-27 18:21:23
Lia Indriyani,5,"ini brimo kenapa y, kok mau buka tidak bisa",2026-02-27 18:21:21
Pandu Kusuma,5,bagus,2026-02-27 18:20:01
Vita Lomboan,5,permudah transaksi,2026-02-27 18:19:25
Lare Mushola88,5,mantap,2026-02-27 18:08:54
Jihan Nur,5,luar biasa sangat membantu dan memudahkan nasabah untuk bertransaksi,2026-02-27 18:08:35
Bayu Krisna Widodo (Yu),4,mudah dan gampang checkout toko jual beli karena mudah mencari tutorial nya banyak di YouTube 👌🏻👌🏻,2026-02-27 17:55:31
romli galuh,1,aplikasi ga bisa login,2026-02-27 17:55:08
Muhammad Ali Mustain,5,sangat cepat dan praktis,2026-02-27 17:54:44
Zhaidan Icihara,4,"sukses selalu ya BRIMO. semoga kedepannya semakin berkembang ,",2026-02-27 17:50:55
Suka2 Studio,5,ok,2026-02-27 17:48:52
yandi mnur,5,"Pembayaran dan belanja jadi lebih mudah ,,.",2026-02-27 17:47:52
Iwan Sty,2,"sebenar ada masalah apa sih dengan wajah saya dengan brimo,wajah saya asli bukan topeng,gw dibuat foto kaya bodoh?????",2026-02-27 17:40:46
Puan Regarsport,1,aplikasi baru mengecewakan. ganti ponsel ribetnya minta ampun. bbrp kali mengulang samppai berhari2 tidak kah cukup dengan ktp. email. no wa saja. wajaj sy sendiri tidak dikenali apk. dan sdh bbrp hari sy tidak bs akses. mengecewakan,2026-02-27 17:39:07
Akun hp,5,👍🏻,2026-02-27 17:37:30
Asep S,1,"mutasi,notifikasi dan aktivitas selalu delay saat melakukan transaksi transfer dan menerima transferan. tolong di perbaiki",2026-02-27 17:35:31
Danny Setyabudi,5,mudah buat transaksi,2026-02-27 17:35:11
Sopo Phone cell,5,dsri padacari atm musim hujan,2026-02-27 17:34:38
Endo Bebek,5,dipermudah,2026-02-27 17:33:52
Kakafheo 98,5,"aplikasi no ribet, sekali daftar Langsung Jadi👍🥰",2026-02-27 17:33:46
Sodikun Ikun,5,okeh untuk transaksi,2026-02-27 17:30:46
Anggriawan Purnama Rachman,5,mempermudah,2026-02-27 17:30:15
imam buhori,5,mantap,2026-02-27 17:26:41
Hendik Suhendik,5,"istimewa BRimo,mantap",2026-02-27 17:24:25
Julis Dewi sinta,5,baru awal tapi oke mudah dan cepat sekali,2026-02-27 17:21:07
Widiana Yoga Pratama,5,good,2026-02-27 17:15:29
Maulana Ramadhan,5,kalo mau login ke brimo pasti ngebleng warnah putih belom sampe masukan yusernem sama Santi tiba tiba keluwar sendiri dari aplikasi brimo,2026-02-27 17:14:45
Sutianah Zahra,5,pengalaman pertama pakai BRI mo. sangat memudahkan.,2026-02-27 17:05:54
Mase Woyo,4,aplikasi yg bagus dan bermanfaat,2026-02-27 17:01:44
rifki zuliansyah,5,mudah dan aman,2026-02-27 16:56:25
Imanuel Nenoliu,5,sangat membantu,2026-02-27 16:56:17
Sasongko Yudi,5,sangat aman dan terbaik,2026-02-27 16:54:04
Yadi Ahy,5,sgt baik,2026-02-27 16:46:31
A Soleh,5,mantap,2026-02-27 16:46:07
Dimas Titan,5,bagus tapi tiba2 ada bug kaya transfer uang malah rating,2026-02-27 16:45:38
Rangga Kuntawijaya,5,ok,2026-02-27 16:43:55
Afandi Aqmar,5,bagus banget mempermudah dalam mengecek saldo dan bertransaksi pokoknya best,2026-02-27 16:40:57
Rahmat Effendi,5,mantul dah top,2026-02-27 16:35:39
Ham Diyan,5,sering kluar sendiri,2026-02-27 16:25:45
Nuhlan Huga,1,"aplikasi nya sih bagus tapi pada saat verifikasi wajah gagal terus, padahal saya sudah mengikuti tutorial.",2026-02-27 16:19:49
Riski Irwansyah,5,mantap,2026-02-27 16:12:38
yx_rin,5,aplikasinya bagus cuma kalo di bawah 40ribu udh ga bisa di tf lagi,2026-02-27 16:11:49
Novita Sari,5,sangat baik,2026-02-27 16:10:43
tetty handayani,5,"makin praktis makin mudah bertransaksi menggunakan brimo,.mksh BRI mksh brimo",2026-02-27 16:07:05
Wasikin Ikin,5,menjadi lebih mudah dengan Brimo,2026-02-27 16:06:01
simba Lodes,5,cepat efisien d gak bikin ribet,2026-02-27 16:05:15
Mirna Callysta,1,aplikasinya bagus sayang nya untuk verivikasi wajah susah bgt kak,2026-02-27 15:53:07
nailil husna,1,"setiap mau tf ke bank lain kenapa muncul tanda merah "" nomor rekening salah (kode....) "" tolong dong min ini yg salah apanya,kalo sesama bank bri bisa",2026-02-27 15:46:27
Reza Pratama,1,BANKING TOLOL,2026-02-27 15:46:02
FF GEMING,5,ok,2026-02-27 15:41:42
Darno sudarno,5,Terimakasih BRI telah memisahkan kehidupan saya,2026-02-27 15:34:55
Tania Syahira,5,transaksi lebih mudah & simpel.,2026-02-27 15:31:47
shafa ashari,5,jos,2026-02-27 15:31:16
Ngemut Mut,1,saya selalu gagal membuat brimo,2026-02-27 15:29:29
Gus Samson,5,memudahkan tranfer tarik cek saldo,2026-02-27 15:25:40
ayam Kampung,1,sudah pergi di kantor bank dan custumor service sudah aktifkan lagi brimo tetapi saya coba login di HP saya tetap tidak bisa,2026-02-27 15:21:51
Nur Samsi,5,terimakasih,2026-02-27 15:20:37
Candra Hayat,5,ok sih,2026-02-27 15:19:05
Alvarez Supendi,5,sangat mudah,2026-02-27 15:18:43
Betris Salon,1,bener2 mengecewakan aplikasi ini,2026-02-27 15:18:24
SILVERMEN BOIL,5,good,2026-02-27 15:17:34
Mariska Mariam,5,mantap semakin sukses,2026-02-27 15:16:42
sifaqkir sifaqkir,4,sangat membantu👍,2026-02-27 15:11:46
Rani Nuraeni,5,membantu banget aplikasi nya mudah,2026-02-27 15:10:33
Muhammad kellul,5,baguss,2026-02-27 15:10:13
Infinix Akun,5,mantap. cepat,2026-02-27 15:09:02
Rafidha Hidayati,5,bagus,2026-02-27 15:03:34
Aidil Ranacadil,1,td mlm blank putih..uninstall..install lg...e paginya..blamk lg..siang ditunggu gak jg bisa normal..ini mo uninstall lg.azab x bah,2026-02-27 15:01:47
Yulianta Aan,5,fast..,2026-02-27 15:01:44
UDIEK RUSDIANTO KURNIAWAN,5,mudah dipahami,2026-02-27 15:01:30
Krisna Sugihjayaharta,5,segala urusan cepat semua ada di brimo ok,2026-02-27 14:59:05
Yocko Matzu,5,sangat membantu dan mempermudah transaksi,2026-02-27 14:54:20
Dewangga Samiaji Danandra,4,mudah dan cepat,2026-02-27 14:53:27
Andi Achmad,1,mudah error 2 hri 3 hri hpus download hpus download,2026-02-27 14:48:48
Yayat Hardiyanto,5,mantep,2026-02-27 14:47:01
Nals Udin,5,sangat membantu,2026-02-27 14:40:50
JT 93,5,sangat mudah dipahami,2026-02-27 14:39:31
Husnil Alidah,5,sampai saat ini baik,2026-02-27 14:29:30
Wawan Ridwan,1,"brimo knpa ilang donlod lagi ilang lagi,tolong knpa jelaskan",2026-02-27 14:26:27
Danang skc,4,memudahkan,2026-02-27 14:23:57
Agustin Murti,5,sangat mudah,2026-02-27 14:22:14
Fatikhin,5,sangat mudah dan menyenangkan,2026-02-27 14:20:08
Araara Kimoci,1,"baru kemaren bikin akun,mau login hari ini malah logut tiba²,mau login kembali malah username/pw nya yg salah,pdhal saya login masukin usrname/pw dgn benar. aneh ni apk,pdhal pas daftar udah susah² buat verifikasi wajah karna gagal,giliran udh jadi akun nya malah logut sndiri tanpa notif. gjls ni apk,sekelas bank Negara malah bnyak bug nya",2026-02-27 14:19:52
Afdun Fadhill,5,bagus,2026-02-27 14:19:30
Muctar Rochmah,5,baguss,2026-02-27 14:13:13
Johan Liebert,5,sangat bagus,2026-02-27 14:11:46
Hotri rena,5,brimo membantu!,2026-02-27 14:07:00
Murti Ningsih,2,"apk nya sangat bagus dan membantu, tapi sayang kenapa akhir* ini sering blank layar putih gak bisa buat login, padahal udah diclear, hapus cache, dan apk udah versi terbaru ,mohon untuk dibantu Kaka. mau TF aja harus ribet lagi gk bisa login",2026-02-27 14:04:24
Hafif Udin,5,aplikasi ini sangat membantu banget,2026-02-27 14:03:55
Iyan Adipraja,5,"sangat membantu, transaksi lebih mudah",2026-02-27 14:03:47
Fadel Patirangga,5,ok mantabp,2026-02-27 13:59:28
Jefry,1,kenapa brimo ku tidak bisa di buka hanya muncul layar putih apakah eror brimo???,2026-02-27 13:52:54
MUHAMMAD MURSYID ARDHI F.,2,"Baru daftar aplikasi nya aja udah error"" an, apalagi ntar kalo udah penggunaan, apa ga lebih error tuh aplikasi. ga ada kemajuan apa? ga ada perkembangan dengan system kamu? dari dulu sampe sekarang system sering error"" an",2026-02-27 13:51:00
Satrilan Ilan,5,mabtap,2026-02-27 13:47:59
Donny Firmansyah,5,baik,2026-02-27 13:43:28
Chindy Awati,2,tidak memuaskan,2026-02-27 13:40:45
Indah Mayasari,5,rekomendasi sekali 🥰,2026-02-27 13:37:15
Najwa Prita,5,cepet gak ribet,2026-02-27 13:36:05
Pernando Sihombing,5,"sangat membantu,, terimakasih",2026-02-27 13:30:40
Ahmad Sidik,5,bagus,2026-02-27 13:27:43
pangeran p,5,mantap..,2026-02-27 13:25:15
Apri Yana,3,bri saya selalu instal ulang krn bleng trus layar putih... skrg kendala nya.. saya masuk kan pin sdh benar tp kata nya salah... bagaimana ini.. tlg bantuan nya.,2026-02-27 13:22:02
Budi Priyanto,5,transaksi apapun hanya satu genggaman.mantap brimo,2026-02-27 13:20:41
Djawa Arifudin,5,praktis.. dan cepat....,2026-02-27 13:20:38
Mujiono Monotflorist,5,mantaab dan lancar sekali bozzz ...,2026-02-27 13:20:15
Delvis Adrianto,3,lumayan bagus,2026-02-27 13:19:42
Sulistio Arianto,1,"ga bisa login, ribet banget",2026-02-27 13:18:55
Soenar To,5,tiap 4 hari blank putih harus unistal lalu aktifasi ulang,2026-02-27 13:10:03
Irene Fransiscus,5,"lebih muda dalam transaksi berupa tf, pembelian pulsa, top up.. pokoknya terbaik",2026-02-27 13:07:24
Aisyah Aisyah,5,mantap. sangat membantu,2026-02-27 13:04:27
Evi Sopiani,5,mempermudah dalam transaksi,2026-02-27 13:00:33
Ninda Nuraeni,4,empat dulu yaa baru soalnya,2026-02-27 12:57:04
Adhi Hendro,5,terbaik,2026-02-27 12:56:09
Wyono Oke,5,jos jis,2026-02-27 12:54:55
Triyono Rio,4,cukup baik dan mempermudah,2026-02-27 12:53:35
muhd irwan,5,the best,2026-02-27 12:53:14
Ari Castelo,5,bagus,2026-02-27 12:49:09
yanis zawawi,5,ok,2026-02-27 12:48:22
astrawan purba06,1,"Susah dibuka ,selalu uninstal",2026-02-27 12:45:48
Ardiansa Usman,5,👍,2026-02-27 12:43:40
Yesa Gussella,5,sangat membantu,2026-02-27 12:43:19
Wands 0909,3,mengapa setiap mau login selalu verifikasi terlebih dahulu,2026-02-27 12:42:24
herman za,4,Baik,2026-02-27 12:37:36
Sri Aditya,5,"bagus,mudah,cepat",2026-02-27 12:35:01
Heru Maindikali,5,oke,2026-02-27 12:34:01
Cemonk Cemonk,1,kenapa selalu eror brimo nya,2026-02-27 12:30:48
Joko susilo,5,Tks...Sangat mudah dan sangat membantu kami dalam setiap transaksi yg urgent....,2026-02-27 12:30:23
anung oye,5,aplikasi yang baguuuuuusss buanget,2026-02-27 12:23:17
Zayn Andara,1,pendaftaran susah dionline.pdhl identitas SDH bner,2026-02-27 12:21:14
Yohana Kwen,2,setiap kali buka aplikasi selalu muncul layar putih..dan harus di dowload ulang dan masukan data data kembali ..solusi,2026-02-27 12:17:39
Sri Wahyuni,3,"BRImo semakin di update malah bukan semakin bagus,,kok saya rasa semakin buruk saja,,awal2 nya enak,nggak kaya aplikasi lain,,awal agak2 ribet,tapi semakin meningkat performa nya,,ini mah kebalik,,malah sering erorr nya,,tiap mau login,malah muncul white blank,,saya sudah hapus data dan instal ualng selama 3x,,masih saja gitu,,sudah mencoba menghubungi link brimo,masih tidak ada kawaban yang relevan,,sebenarnya mau nya apa sich,,kok aplikasi nya gini amat...bukan memudahkan,,malah memperburuk.",2026-02-27 12:16:55
Dian woto,4,giman carane verifikasi foto ktp g bsa trus karena efek kamera jelek...jdi g bsa di verifikasi,2026-02-27 12:14:59
Ahmad Afdal,5,sangat membantu terimakasih,2026-02-27 12:14:38
Titin Dj,5,sangat puas,2026-02-27 12:10:30
Devri Dotulong,5,"Memuaskan, dan tdk perlu lagi ke ATM",2026-02-27 12:10:09
Yobedi Hulu,5,cepat dan mantap,2026-02-27 12:08:33
Erlandika Salvatiera,5,baik,2026-02-27 12:03:51
Iko exol,5,"bagus, suka, cepat dan tepat",2026-02-27 11:57:55
F crish Andianto,5,Brimo mempermudah transaksi dan pastinya aman,2026-02-27 11:56:22
Muhammad Sibromilsi,5,mudah & lancar,2026-02-27 11:56:08
Dapur Doraemon,5,"kenapa brimoku layarnya putih sdh di update.nggak bisa di buka,..mohon penjelasannya biasanya aman aman aja",2026-02-27 11:50:37
I H,5,trimks sangat membantu.,2026-02-27 11:48:18
khoritatul Vio'nando,5,memudahkan bertransaksi saya..semoga kedepan lebih baik lagi,2026-02-27 11:47:39
Ramli ramli,5,BRIMO sangat cepat dalam transaksi,2026-02-27 11:45:41
Sila,1,pelayanan pengaduan lama. transaksi qris ke akun sendiri. transaksi berhasil saldo terpotong. tapi tidak masuk. pengaduan 14 hari kerja. selesai sebulan. dianggap berhasil dan dana tidak dikembalikan. gak tau kemana dananya.,2026-02-27 11:45:11
Winda Purwanti,5,proses cepat nggak ribet,2026-02-27 11:41:14
Yayu Safitri,5,"saya sangat senang menggunakan brimo, cepat dan mudah dimanapun dan kapanpun.",2026-02-27 11:39:06
Manto Su,5,"Karena tidak bisa lagi login di SM-A520F Android 8.0 akhirnya goodby brimo, beralih ke mobile banking sebelah yang masih kompatibel dengan perangkat saya",2026-02-27 11:39:03
Mul mulya,5,mantap,2026-02-27 11:38:03
Rahmat Rurung,5,mantap,2026-02-27 11:30:53
Rahma Wati,5,sangat puas,2026-02-27 11:30:49
Putra Mei,5,sangat menbantu sekali,2026-02-27 11:21:27
Elfrin Silalahi,5,memuaskn,2026-02-27 11:18:21
Daca Suli,5,mantap wajib punya ini mah,2026-02-27 11:18:18
Muhammad Fazriansyah,5,oke,2026-02-27 11:17:29
Alam Syah,5,nice,2026-02-27 11:12:41
Sri Mulyati,5,memudahkan dalam berbagai bertransaksi,2026-02-27 11:01:08
Didit Triwanto,5,Sangat bermanfaat bagi pengguna brimo,2026-02-27 11:00:30
Lukman nurhakim Nurhakim,1,"udh ke 5 kli ya brimo gk bisa d gunakan.udh 2 kali k kantor bri buat d benerin,udh normal lgi skrng yg k 5 kli ya gk bisa login..pas d buka cma muncul layar putih aj.",2026-02-27 10:57:24
Bastian Tarigan,5,sangat puas,2026-02-27 10:56:26
Sonah Sonah,5,dengan aplikasi BRI mo sangat membantu dalam transaksi,2026-02-27 10:55:12
Sarah Robi,5,tercukupi,2026-02-27 10:52:09
Nastasya Fitriani,5,sangat membantu,2026-02-27 10:50:58
EDDY SAPUTRA,5,"sangat membantu sekali, mudah , lancar gk ribet",2026-02-27 10:50:16
DENIAS SAPUTRA,5,"transfer super cepat ,aplikasi brimo goodjob the best",2026-02-27 10:49:39
Harni Pakelo,5,sangat suka karena mempermudah bertransaksi,2026-02-27 10:44:50
Muhammad Alfathi aqza,5,mantap,2026-02-27 10:44:03
Danar R Jakariah,5,bagus,2026-02-27 10:37:51
Suhar Dina,5,puas,2026-02-27 10:37:48
Lee Cong We,1,Ada yang ngalamin Hal seperti saya gak Pembukaan rekening Susah Kuota Selalu Habis Pendaftaran Brimo Tidak bisa di karenakan harus melakukan pengkinian data Layanan Pengaduan / CS BRi 99% tidak berguna 1% chat di balas Kenapa mau daftar Layanan ini ya Karena BCA tidak menjangkau Area Plosok BCA Lebih Bagus Sebenarnya mulai dari layanan Jauh banget sama ini Sayang nya BCA tidak merata Cuma ada di daerah kota Sedang kan Bri ini di daerah plosok ada cuma gitu yah Pelayanan alakadarnya,2026-02-27 10:36:41
Aris Bandar,4,"aplikasi ini sngat membatu sekali,tapi sayang beberapa kali brimo saya harus login terus,, ini bikin repot",2026-02-27 10:36:37
kahfilas,5,brimo sangat membantu,2026-02-27 10:32:17
Archi Afdol,5,mantap,2026-02-27 10:32:06
Andasarkun 12345,4,memudahkan pengiriman,2026-02-27 10:30:52
Kamaria BBS,5,sangat puas mudah transaksi,2026-02-27 10:27:31
Wasiati,5,ok,2026-02-27 10:23:41
rena dewi putri,5,transaksi cepat dan mudah di unit bukit suban,2026-02-27 10:21:56
Ibrahim Putra,5,cepat dan sangat praktis,2026-02-27 10:12:16
Suryadi Djaidi,5,"bagus, mudah di gunakan",2026-02-27 10:11:44
02_ Almer Istaz Firjatulloh Azaria XI A6,1,punya gw 0 rupiaj mulu njr,2026-02-27 10:09:55
Entis Sutisna,5,praktis,2026-02-27 10:08:59
hr muslih,4,biaya adminnya mahal,2026-02-27 10:06:58
Wiyono Wiyono,5,"prosesnya cepat dan tidak lemot, mantap brimo",2026-02-27 10:05:32
Jamal Nurdin,5,bagus aplikasinya banyak,2026-02-27 10:03:21
ChuNenk Pheseck,5,lebih mudah pakai m-bangking,2026-02-27 10:02:49
UZUMAKI NARUTO,5,sangat mudah transaksinya dan gratis admin.,2026-02-27 10:02:38
Adim,5,BRI mantap👍,2026-02-27 10:01:45
Andy Yulianto,5,penggunaan aman dan lancar,2026-02-27 10:00:05
Nisa Ul,5,baik sekali,2026-02-27 09:58:45
Eci Cik,5,terimaksih BRImo telah memberi layanan terbaik.,2026-02-27 09:58:16
Tarlim Inspira,5,"penggunaan aplikasi yang mudah, cuma nyari duit buat isi saldonya yang susah😁😁😁😁😁",2026-02-27 09:52:03
Cintya Ajha,5,Transaksi sangat mudah,2026-02-27 09:51:54
wiwie kartika,1,"kenapa gak bisa screenshot layar, menyusahkan kita yg sering transaksi utk Olshop",2026-02-27 09:51:36
teguh iman budi wahono,5,gampang dan cepat,2026-02-27 09:49:12
Ahmad Hanif Fahruddin,5,bagus,2026-02-27 09:46:41
Elan Suherlan,5,pelayanan yg bagus baik dan ramah,2026-02-27 09:46:08
Rizky Febry Yohanes,5,"mohon maaf sebelumnya. saya ganti perangkat, saat akan instal aplikasi baru, tetapi selalu gagal saat verifikasi wajah. bahkan pihak cs bank BRI pun tidak bisa membantu ketika percobaan ketiga kalinya gagal juga. disuruh besok mencoba lagi. jadi saat mau transaksi juga kesulitan. bahkan sampai saat ini saya memberi ulasan, masih belum berhasil juga. sudah 2 Minggu selalu gagal. solusi? TIDAK ADA. hanya disuruh mencoba sendiri sampai bisa. ternyata beginilah kapasitas bank ini....",2026-02-27 09:45:55
Wawan Key,5,keren brimo,2026-02-27 09:44:09
Muhamad Danial Rubel,5,mantap lah brimo,2026-02-27 09:44:03
Mustofa Ktt,5,lengkap,2026-02-27 09:43:50
Faiz Rabbani,1,aplikasi sampah,2026-02-27 09:42:32
Abi Dika,1,potongan nya sbnernya berapa sih brimo ini??? saldo 60ribu tiba² tinggal 26ribu jarak seminggu ....top up pulsa jd nggk bisa,2026-02-27 09:41:55
Adi Sutris,1,"saya kira cuma saya ada kendala susah login ternyata rata² sama... kecewa sama brimo sekarang mau TF, cek saldo aja harus hapus data dulu lalu verifikasi pakai KTP ribet banget dah pokoknya..soalnya sekarang kalau ga gitu gagal terus tiba² keluar sendiri blank.. dulu enak simple sat set",2026-02-27 09:41:45
Snow White,1,kecewa banget dengan aplikasinya saat mau digunakan tapi tidak bisa dengan keterangan Selesaikan Panggil Telepon Dulu padahal tidak ada penggunaan telp,2026-02-27 09:39:56
Yosefina Daman,5,mantap,2026-02-27 09:38:30
archio Techno,5,oke,2026-02-27 09:30:49
Saprol Leon,4,sangat membantu,2026-02-27 09:27:52
Daeng Ngutta,5,sangat mempermudah dalam melakukan transaksi apapun ⭐⭐⭐⭐⭐,2026-02-27 09:24:23
Okta Viani,5,keren,2026-02-27 09:12:27
Goesarchi,4,Aplikasi mudah sangat membantu,2026-02-27 09:11:58
Kasum Bekasi,5,Aplikasi paling baik banyak di pakai para pengguna apps sejenis.,2026-02-27 09:11:46
Elvana Laloan,5,trbaik,2026-02-27 09:06:55
Kitri Wahyu,5,keren,2026-02-27 09:06:31
Epik Rosiana,1,gimana sih ini kok blank putih terus sudah puluhan kali harus install ulang !!! ini tak pakek kerja kalau ada keperluan mendadak gini harus verifikasi lagi memakan waktu sekali ... makin payah aja ini brimo!!!!!!!!!!!!!!!,2026-02-27 09:06:16
Mang Mail,2,kenapa ya Brimo susah banget dibuka malah kembali sendiri masa harus hapus dowload hapus download,2026-02-27 09:02:05
WOM guild,5,"senjak di update ke versi yang sekarang, brimo saya selalu blank putih dan tidak bisa login, harus hapus data dulu baru muncul tampilan login, tolong donk.. masa setiap mau login harus verifikasi pake ktp, wajah, dan sebelum itu hapus data brimonya dulu apa hp saya yang sudah tidak suport untuk versi yang sekarang apa bagaimana untuk versi sebelumnya normal saja tidak ada kendala",2026-02-27 09:00:33
Mat Hawan,5,BRI mang terbaik,2026-02-27 08:58:12
Akhmad Maftuh,5,csnya baik,2026-02-27 08:54:01
Santo Susanto,1,"kenapa ga bisa masuk padahal pasport sama email udah benar , disuruh perpikasi KTP sama wajah gagal terus , harus nunggu 24 jam kecewa kebanyakan di instal terus",2026-02-27 08:51:34
Kartini Labu,5,bagus,2026-02-27 08:50:41
romania sinx,5,nice,2026-02-27 08:46:22
Aceng Cengos,5,sangat bagus dan sangat membantu jadi apapun transaksi nya pasti jadi lebih mudah,2026-02-27 08:43:07
Baharudin Ege,5,Bagus .. cepat.. memudahkan Nasabah,2026-02-27 08:41:23
bulal zahra,5,komplet mudah,2026-02-27 08:39:51
Andri Saputra,5,makasi BRI atas kemudahan pelayanannya...,2026-02-27 08:38:25
Ega Prasetia,5,mantafffffffffff pokonya ...,2026-02-27 08:38:15
Dewi Sartika,5,sangat membantu,2026-02-27 08:37:28
Eko Bayu,5,"mudah di akses, semoga aman",2026-02-27 08:33:09
Ade Sarman,5,👍🏿,2026-02-27 08:29:33
Yatno Kenthut,5,sangat membanu dan bermanfaat bangey,2026-02-27 08:28:09
Megawati Bohari,5,ok,2026-02-27 08:27:13
Frank Harris,5,bikin mudah dalam bertransaksi,2026-02-27 08:20:19
Almendo Loiuro,1,kenapa daftar brimo mintaa kode lavde,2026-02-27 08:16:28
sujono ang,4,sangat mudah sekali,2026-02-27 08:15:52
Nian Me,5,"halo kak. kenapa yah akhir"" ini brimo gak bisa login udah brpa kali gak bisa",2026-02-27 08:11:20
IrawatiTayang Irha,5,sangat mempermudah saya dalam bertransaksi,2026-02-27 08:10:41
April Dare,5,transaksi lebih mudah,2026-02-27 08:10:11
Pan Tek,5,bagus,2026-02-27 08:03:11
kennedi Saruksuk,5,👍,2026-02-27 07:59:53
Papatama,4,BagusMbatu,2026-02-27 07:57:39
Hendro Heriyatmoko,1,ada apa dengan M.banking BRI ni.. selesai diupdate malah blank layar putih pas dibuka aplikasinya macam aplikasi Bug aja.. tolong diperbaiki ya.... woy tolong diperbaiki.. PAYAH,2026-02-27 07:57:19
Yohanis Yeninar,5,sangat mudah untuk digunakan dan praktis sangat membantu,2026-02-27 07:56:29
Asep Hidayatullah,5,ok,2026-02-27 07:47:22
Saharuddin Said,5,luarbiasa,2026-02-27 07:46:23
Wildan Dan,5,sangat baik,2026-02-27 07:44:06
Ecy Cute,5,terimakasih karna sudah memudahkan setiap pembayaran,2026-02-27 07:43:53
Junaidi Pongliku,5,bgus,2026-02-27 07:42:30
Fadil Jpt,5,Bagus jadi mudah pembayaran nya,2026-02-27 07:39:13
Aslam .S,1,"aplikasi brimo buruk,layar putih terus😓😓😓",2026-02-27 07:30:35
Riky Heriadi s,5,keren👍🏼👍🏼👍🏼,2026-02-27 07:19:06
Peri Lombu,5,sangat bagus,2026-02-27 07:17:41
EGAIER FF,4,lebih bagusan mandiri dari pada memberi🫣cuaksss,2026-02-27 07:06:26
Ndhe 12,1,setiap mau pake apk nya selalu blank harus uninstal-instal lagi cape banget kalau ada bca d daerah sini udah ganti pake bca kali ya semua nasabah bri,2026-02-27 07:02:09
Mammy Bakery,3,notifnya sering pending,2026-02-27 07:01:55
Amnd,5,mempermudah transaksi,2026-02-27 06:59:27
Lase 0123,5,Aplikasi yang sangat memudahkan Transaksi.👍👍,2026-02-27 06:58:24
Enjang Nurhadi,5,hemat waktu dan cepat,2026-02-27 06:44:20
Putri Okta,5,memudahkan transaksi,2026-02-27 06:43:32
Aden Hehamony,5,aman-aman utk sementara waktu,2026-02-27 06:41:01
Samiun Al Faruzzi,5,mantaf,2026-02-27 06:37:45
kukuh isa,5,mantap,2026-02-27 06:35:02
OmKreaS,5,2026 bagus,2026-02-27 06:34:08
lailatul Maftuhah,5,bagua,2026-02-27 06:29:56
Nopal L,4,"sering eror ndak bisa masuk aplikasi,masak harus dowload ulang trs..tolong dipperbaiki dong",2026-02-27 06:24:16
Agung Janez,4,sekarang brimo di hp saya tidak bisa ad keteranga aplikasi tidak kompatibel tolong di rendahi ya biar bisa di hp kentang,2026-02-27 06:24:07
Ari1ef,5,cepat dan akurat lamat kok gak ada saldo di dalam wkwkwk,2026-02-27 06:23:46
Yadi Kirun,5,memudahkan saya untuk segala transaksi pembayaran,2026-02-27 06:21:14
Wantini 2349,5,mudah dan hemat waktu,2026-02-27 06:18:38
Ismaya Algian,5,klik jempol,2026-02-27 06:16:36
Ahmad Damiri,5,"apakah setiap mau buka harus login dulu, gak seperti yang lain nya.",2026-02-27 05:58:07
Pardi Pardi,5,bagus,2026-02-27 05:47:01
Kata-Kata Bijak Chanel,5,sangat membantu disaat situasi mendesak,2026-02-27 05:34:02
Silvia Rahmawaty,5,cepat dan tepa,2026-02-27 05:29:25
Faizi Gemel,5,good aplikasi brimo,2026-02-27 05:27:05
Rudy Antoro,5,bagus dan cepat,2026-02-27 05:25:14
B Kristianto,5,mantap top,2026-02-27 05:11:03
Indriani Pitaloka,4,kenapa aplikasi brimo saldo 0. padahal ada uangnya.,2026-02-27 05:06:13
Meliana Numur,5,sangat puas.terima kasih.ga pakai ribet transaksinya.,2026-02-27 04:58:51
Susiati Ningsih,5,mudah,2026-02-27 04:55:44
Heri Oppo,5,mantap,2026-02-27 04:44:50
Aminuddin Syah,5,lebih cepat transaksinya..,2026-02-27 04:43:16
Wabilal Yuzarsife,5,terbaik,2026-02-27 04:40:53
Idhar Saraju,5,ok,2026-02-27 04:35:37
Seblak Uci,5,sangat memudahkan bertransaksi saya,2026-02-27 04:32:07
Rahmad Muchsin,5,🙏,2026-02-27 04:24:25
Suindah Munawaroh,5,sangat mudah di gunakan,2026-02-27 04:08:00
Ikram Mancing,5,Transaksi gampang,2026-02-27 03:59:03
Harry Tanoo,5,aangat mudah,2026-02-27 03:32:13
Firman Nurcahya,5,bagus sangat membantu,2026-02-27 03:24:17
Syauqi Fachriza,1,"awalnya lancar, tp sekarang kalau buka aplikasi selalu muncul layar putih.. apakah jaringan data harus berasal dari no hp yg terdaftar di mbanking atau memang aplikasi nya saja yg jelek? bintang 1 dulu.. krn ternyata banyak yg masalahnya sama",2026-02-27 03:01:23
Supriadi Supriadi,5,ok,2026-02-27 02:48:27
muhammad safie,5,sangai baik dan membantu dalam transaksi,2026-02-27 02:39:42
Evita Putri,2,saya mau login brimontp KTP sy ketingalan soalny smpt saya instal email ada d hp ini no HP jg ada apa bisa ga pake ktp. sidik jari atau wajah,2026-02-27 02:37:18
Supardi Ardi,5,sangat bagus,2026-02-27 02:19:47
Mairah mairah,5,sangat memudahkan,2026-02-27 02:04:09
MasNdut,5,bagus,2026-02-27 01:58:55
Michael Oktavian,1,"UI-nya jelek, kadang aplikasinya nge-freeze, tiba-tiba log out sendiri dan pas login, disuruh foto KTP lah, face recognition lah. Ribet banget. Masa setiap kali login harus verifikasi dulu. Lebih enak aplikasi sebelah (M*****i). Tinggal finger print, udh log in. Lah ini, udh kayak registrasi pinjol aja.",2026-02-27 01:44:32
Lagut Batubara,5,mantap,2026-02-27 01:31:01
Moch Salim,5,mudah dan cepat,2026-02-27 01:23:00
Abdul Basar,5,sangat Membantu. . Tolong Pelayanan nya jaga yaa terhadap Nasabah dan yg tidak nasabah.. karna Rakyat adalah Raja.. 😊😁🙏,2026-02-27 01:22:07
Aufa Agusril,5,bagus,2026-02-27 01:16:22
onigiri,3,sekarang brimo tidak bisa gunakan fast menu untuk transaksi ya?,2026-02-27 01:14:31
Yopie Pratama,5,sangat membantu untuk segala transaksi,2026-02-27 01:03:15
Rio Rangkuti,5,sukses sllu..,2026-02-27 00:56:58
Cill,5,sangat baik bagus buat simpan uang ratusan jt,2026-02-27 00:56:40
M. Rizki Maulana,5,"layanan sangat baik, aplikasi sangat disarankan untuk kalian yang tidak mau ribet",2026-02-27 00:54:29
ooon dirabok,5,mempermudah hidup manusia dalam bersosialisasi,2026-02-27 00:45:22
Nurul Azizah,5,cukup,2026-02-27 00:40:19
Jaelani Jejen,1,"kepada bapa2 dn ibu2 sekalian di seluruh Indonesia.jangan percaya sama aplikasi BRImo ini.ngeribetin.beda sama bank mandiri bank BCA dll.lebih mudah daftar awal cuma satu kali aja.setelah itu tidak daftar LG, langsung bisa di buka kapan dn di mana pun.TIDAK SEPERTI APLIKASI BRIMO.SETIAP BUKA APLIKASI BRIMO MASA HARUS DAFTAR TERUS-TERUSAN.BARU BISA KE BUKA APLIKASI BRIMO NYA.RIBET BANGET.KTP HARUS STENBAY TRUS,GIMANA KLO LG DARURAT TRS KTP NYA HILANG.BERPIKIR SECARA LOGIKA.MENDINGAN APLIKASI Bca",2026-02-27 00:40:07
Sai ri,5,intinya mantap,2026-02-27 00:23:28
Viqin tia,5,cukup bagus,2026-02-27 00:18:16
Irwan Syah,5,cukup baik,2026-02-27 00:09:20
Mamang Racing,5,saya tidak bisa menggunakan Qris nyaa tolong akuu,2026-02-27 00:08:06
Babahulwan babah,5,Lancar dan mudah,2026-02-27 00:04:45
Martan Riyandi,5,bagus,2026-02-27 00:02:48
Benro Sihombing,2,"halo bri, ada potongan dari rekening saya, agf katanya, saya buka di google artinya pemotongan pinjaman, sementara pinjaman saya sudah kulunasi sblm waktunya. mohon petunjuk trima kasih",2026-02-26 23:58:52
Nurikhsan,5,"gue kasih bintang 🌟 5,,,bagus banget nih ,,,tlg dong saldo ngendap nya gede banget 50 Britama,,,kirain cuman 25 rb",2026-02-26 23:34:45
Fitriana Wulandari,5,Sangat bermanfaat,2026-02-26 23:34:15
VnzyS Mds,5,bagus,2026-02-26 23:26:20
Atiqa Fairus,5,jadi mudah bertransaksi,2026-02-26 23:11:49
Cecep Ramdan,5,Sangat membantu dan memudahkan,2026-02-26 23:09:03
Jouli Sinolungan,5,mantap,2026-02-26 23:07:02
Pangeran Sunda,5,mudah dan nyaman,2026-02-26 23:03:46
Dwi Wijanarti,5,cepat layanannya,2026-02-26 22:57:41
Syam Jayajaya,5,bagus respon cepat,2026-02-26 22:57:36
Dede Suryono,5,aplikasi gampang digunakan. the best,2026-02-26 22:53:30
Sulthon Arsyad,5,good,2026-02-26 22:52:47
Mustin Darsih,5,"Dengan menggunakan BRImo,proses transaksi jd lebih mudah, dompet tertinggl tdk gundah.",2026-02-26 22:43:49
Arlina arlina,1,kenapa tidak bisa di install padahal saya mau update,2026-02-26 22:40:42
Bagja Riki,1,kenapah suka pripikasi mulu,2026-02-26 22:38:09
Vanez Bucex,1,"kirain saya aja yang mengalami eror tiap mau buka selalu blank putih,harus hapus data dulu masukin lagi data baru bisa lagi,ribet amat sekarang pakai brimo,tolong keluhan pengguna tuh tanggapi dan perbaiki aplikasinya biar nyaman kembali menggunakan brimo.",2026-02-26 22:37:33
Abdur Rozak,5,sangat membantu dan sangat bagus. sluruh urusan bisa di gapai dari mana aja. pokoe mantapp,2026-02-26 22:37:10
Tri sora,4,ok,2026-02-26 22:37:04
Kacang Wangy,5,"bagus, lebih bagus klo gk ada admin",2026-02-26 22:36:38
Jakfar sodiq,1,"tolong perbaiki aplikasinya bosss, masa selalu blank putih terus, sampaikan kepihak pengembang aplikasinya kak admin, jangan diam saja",2026-02-26 22:34:55
Afriyanti Dewi,5,sangat cepat dan mudah,2026-02-26 22:29:27
Indryaniii00 Ya,1,"gak rekomendasi, tolong deh kalau rekening gk di apa2in gk usah narik-narik saldo seenaknya, cukup biaya perbulan yang kw potong-potong, ini setiap notif masuk isi saldo mengurang, mana notifnya setiap hari banyak lagi, ini aplikasi penyimpan uang atau aplikasi penghisap uang sih",2026-02-26 22:16:07
Giman Wagiman,5,"Bagus, Transaksi mudah",2026-02-26 22:12:46
Prayoko Ramadhani,5,josjis pokoknya,2026-02-26 22:05:52
AIMAS TONOY,5,sangat bagus dan luar biasa dibgunakan,2026-02-26 21:52:46
Irfanudin,1,susah login,2026-02-26 21:51:07
Nely Adrian,5,sangat bagus sangat membantu transaksi,2026-02-26 21:46:30
MRZ Officiall,5,Brimo Memang Mantap🤩,2026-02-26 21:45:43
SK2,1,"makin update kok makin susah bukanya, cuma muncul layar putih doang, jadi mau gak mau harus uninstal lalu instal lagi dan itu bikin ribet, harus tes ini itu",2026-02-26 21:39:03
Arya,1,"brimob eror Mulu, padahal sandi kan akun benar. masak setiap mau masuk harus registrasi pake KTP terus.",2026-02-26 21:38:03
Lian Kurniadi,5,membantu sekali saat urgent,2026-02-26 21:32:38
ASU GAMING,5,baik,2026-02-26 21:32:30
pendi Perdana,5,"cukup baik aplikasinya, jadi serba praktis untuk mempermudah segalanya",2026-02-26 21:32:26
Paijah Pijet,5,good,2026-02-26 21:31:49
Azhari Andani,1,"Payah banget brimo ini, terakhir tanggal 13 januari kemaren ngasi keluhan tentang layar putih pas saat mau login eh sekarang tanggal 26 februari kambuh lagi, padahal di hp saya sendiri punya bank bank lain aman aman aja, nggak pernah error se PAYAH BRIMO ini, tolong dong jangan bikin kecewa sudah lama percaya ma BRI make BRI tapi makin kesini makin bikin sakit hati, masa tiap mau make mau butuh harus instal ulang registrasi ulang, berhasil kemudian 5 hari nggak make kumat kambuh lagi oh tuhan",2026-02-26 21:26:06
Rika 2017,5,bagus mudah di pergunakan,2026-02-26 21:07:36
ahmad sahal,5,bagus dan jos dan prima utk brimo,2026-02-26 20:59:42
Marei Gunawan,3,kenapa akhir2 ini brimo seri ngebug. tiba2 muncul layar warna putih. tolong di perbaiki kk. nanti klo udh di perbaiki bintang nya saya tambah.,2026-02-26 20:59:09
Dwi Nurcahyono,5,sangat puas dengan BRImo,2026-02-26 20:59:05
Abdul Rouf,5,sangat membantu,2026-02-26 20:57:21
Irwan Heriawan,5,sangat membantu segala hal apa pun,2026-02-26 20:54:25
Hilya Shahia,5,baik bisa membantu pembayaran apapun,2026-02-26 20:53:13
Lukman Eka,5,baik,2026-02-26 20:48:59
Nani Nani,5,bagus,2026-02-26 20:48:30
Muhammad Fadli,5,memudahkan sekali .,2026-02-26 20:46:30
Faza Maghfur,5,mantap,2026-02-26 20:45:56
Muhammad Mahestawsb,5,satu aplikasi untuk semua... mudah gak pakai ribet,2026-02-26 20:44:46
van tan,5,ok,2026-02-26 20:44:21
Wahyu Wahyu,5,ok,2026-02-26 20:40:44
Sutrisno,5,sangat bermanfaat,2026-02-26 20:36:52
Soleman Umbu Deta,5,sangat mempermuda,2026-02-26 20:36:26
Siti Munawaroh,5,kenapa ya akun brimo saya selalu meminta perivikasi ktp dan wajah setiap kli di buka,2026-02-26 20:26:37
aji saputra,5,bagus dan cepat gknribet,2026-02-26 20:25:32
A Hasan a,5,bgus,2026-02-26 20:24:02
Eggy Kurniawan,5,menarik dan memudahkan,2026-02-26 20:21:19
Etha Dj,5,sang6 bermanfaat ❤️‍🩹,2026-02-26 20:20:30
Jou Hari,5,gimana cara buka aplikasi Brimo,2026-02-26 20:17:16
Tubing Muslim,4,alhamdulillah proses mudah dan lancar,2026-02-26 20:14:34
Siti Maharani07,4,sejauh ini msih aman blm ada kndala apapun,2026-02-26 20:13:57
Tok Tok,5,keren,2026-02-26 20:08:59
Rudiant CY,5,"Aplikasi mudah digunakan dengan berbagai macam transaksi dalam 1 aplikasi ini sangat bagus, secara tampilan bagus nyaman di mata kedalanya hanya pada sensor sidik jari yang tidak berfungsi saat login tolong diperbaiki. tks",2026-02-26 20:04:41
Ahmad Afandi,1,sudah dua kali ini GK bisa di buka gimana nih bos,2026-02-26 20:01:26
Rahayu Nita,4,"Halo kak,setiap bulan aku harus uninstal ulang aplikasi brimo karena setiap mau buka brimo tidak bisa di buka",2026-02-26 19:58:56
Tuak Messuk,5,"sangat bermanfaat, terimakasih",2026-02-26 19:55:46
Timur Priyono,5,"selamat malam kk, ini yg kesekian kali nya aplikasi brimo saya g bisa dibuka, tolong agar diperbaiki aplikasi nya.",2026-02-26 19:44:04
Irfan Syah,2,"min kenapa masih gak bisa login terus sie,, saya udah berapa kali instal ulang terus,,makin kesini makin parah apk nya",2026-02-26 19:43:47
Loli Pop,5,TOP DAH,2026-02-26 19:41:36
Mogi,5,good,2026-02-26 19:36:53
Mas San,5,sangat membantu,2026-02-26 19:30:59
Ade Mamah,5,sangat membantu sangat bagus,2026-02-26 19:28:55
Adriansyah Bandung,5,aman terpercaya,2026-02-26 19:24:54
Ahmad Fadil,5,mantab,2026-02-26 19:23:56
Imas Rosida,5,transaksi lebih mudah dgn brimo,2026-02-26 19:23:11
Eko Pernandes,5,mantaplah ini apk,2026-02-26 19:17:43
Donal Ariesta,5,oke..,2026-02-26 19:15:07
Kristosaragihlankiago Saragihlankiago,5,sangat bagus dan sangat membantu,2026-02-26 19:14:07
Adit Raditya10,5,mantaaap,2026-02-26 19:13:13
Gita Safira,5,mantab dan nyaman di pakai,2026-02-26 19:13:11
abdul rohim / oim,5,mulus tak ada kendala,2026-02-26 19:12:36
Eni Agustina,1,ini kenapa ya brimo setiap mau log in selalu menampilkan layar putih saya hrus uninstal trus instal ulang trus masuk masih foto ktp dan wajah trus paling bertahan 1 sampai 2 hari akan seperti itu lagi saya capek harus kayak gitu terus apalagi pas mau dipake masa harus unistal terus,2026-02-26 19:08:01
Yan Parma Dani,5,sangat aman dan mudah,2026-02-26 19:07:44
Anton Nurhariyadi,5,bagus,2026-02-26 19:07:41
hasbiallah hasbiallah,5,tanpa nunggu lama lama.....proses berjalan cepat,2026-02-26 19:07:06
iLhammuhammad iiL,5,"Makasih BRIMO, sangat Membantu",2026-02-26 19:06:29
Abian Smart8,5,bagusss cepatt,2026-02-26 19:04:55
Ahmad Anwar,4,mantap,2026-02-26 18:59:41
Hariana Waode,3,"apakah aplikasi ini lagi bermasalah sekarang ya,?kenapa saya tidak bisa buka akunku saya kasih masuk namaku sendiri selalunya salah terus bagaimana coba😴😴",2026-02-26 18:50:04
sigit sutedi,5,sangat membantu dan praktis,2026-02-26 18:48:52
Agus Nugroho,5,brimo bermanfaat untuk umat,2026-02-26 18:47:48
Putra Pratama,5,jos,2026-02-26 18:46:46
Khisna alimin,5,puasa banget,2026-02-26 18:44:49
Muslimah Harahap,5,sangat mudah digunakan,2026-02-26 18:37:28
amur ganz,1,saldo saya kesedot sendiri pandhal ga ngelakuin transaksi apa apa,2026-02-26 18:30:13
Firdaus Daus,5,saya sangat puas dengan ada nya brimo,2026-02-26 18:26:46
Hamzah Nur,5,Aplikasi perbankan khususnya BRI yang memudahkan nasabah dalam bertransaksi,2026-02-26 18:24:53
WIL DAN,5,good,2026-02-26 18:24:17
Angger Putra,5,ok,2026-02-26 18:22:02
Ahmad Sam,5,ok mantap,2026-02-26 18:04:20
Ewwin Ewwin,1,kenapa brimo saya tidak bisa di akses ini min!!!!!!!!,2026-02-26 18:02:30
McllAnatasya,5,mantap,2026-02-26 18:02:09
Khoirul Fahmi Nazar,4,kadang eror,2026-02-26 17:54:23
Mohammad Tegar Kharissidqi,1,"terlalu sering maintenance di jam-jam sibuk. mungkin oke kalo maintenance di jam orang tidur, tapi sering kejadian pada pagi, siang dan sorenya",2026-02-26 17:52:54
Ocik Ahmad,1,"sudah berkali² mau log in brimo ngeblank cuman layar putih, dan saya harus berkali² pula uninstal lalu instal lagi agar bisa kembali akses aplikasi brimo ini, mana ribet pula harus verifikasi e-ktp dan wajah. ribet amat pakai aplikasi bank negara seribet negaranya.",2026-02-26 17:52:42
Adik Aprilia Karisma,4,hallo kenapa kadang tidak bisa buat bayar pakai qris,2026-02-26 17:49:42
Adhiet 007,2,buruk,2026-02-26 17:42:06
Techno Pamunkas,5,pengalaman pertama sangat baik,2026-02-26 17:40:10
Idzridzradz,5,aplikasi nya bagus cepat dan mudah,2026-02-26 17:35:36
Acep Siswanto,5,mempermudah transaksi.,2026-02-26 17:29:29
B F,1,BRI B4BI,2026-02-26 17:25:24
Krisnairawan MV,4,kenapa bank sahabat sampoerna tidak ada di daftar transfer ya padahal dulu ada?,2026-02-26 17:23:27
Dlazzing Com,5,mantap,2026-02-26 17:21:31
San Jaya,5,sangat bermanfaat dan mudah bertransaksi,2026-02-26 17:20:39
Haikallz chanel,5,ok,2026-02-26 17:19:30
Mohammad Ferdiyansyah,5,sangat bagus saya suka dan sangat membantu untuk transfer uang,2026-02-26 17:14:57
Nur Haida,5,aku Bru pertama menggunakan brimo Alhamdulillah sangat membantu bgett dan sgat puas,2026-02-26 17:09:31
Azriel Alvaro,5,ok,2026-02-26 17:09:25
reski harmi,2,brimo saya error jika login lansun blan puti,2026-02-26 17:01:53
kabul tohari,5,sangat luar biasa,2026-02-26 16:58:47
Bambang Santoso,1,"setiap saya mau masuk ke brimo itu harus verifikasi dua langkah ribet lama setiap mau masuk malah kaya buat rekening baru, harus pas poto verifikasi nomer hufff bug apa ini",2026-02-26 16:58:10
Matias Anditias,5,aplikasinya sangat membantu mudah dioperasikan,2026-02-26 16:56:47
supri,5,hallo kak kenapa ya hari ini gak bisa log in,2026-02-26 16:46:27
Lismala Yanti,4,"cepat,..mudah. ok",2026-02-26 16:43:09
Suci Winarti,5,baik,2026-02-26 16:42:59
Rafathan Aflahul2025,5,puas,2026-02-26 16:40:57
Wayan Ani,5,baguss,2026-02-26 16:38:06
Firdaus,5,👍👍👍👍👍,2026-02-26 16:35:16
titus karebet,1,tolong bugnya di bersihin dong. masa sdh verifikasi ke cs. udh clear sukses. mau login gagal verifikasi??,2026-02-26 16:26:33
Ansgarya Dwifani Maharya,5,ok,2026-02-26 16:24:20
Lalu Amrullah,3,"hallo,gimana sih ini apk nya... padahal udah banyak kali verifikasi foto nya,kok ngga bisa bisa sih?... tolong dong",2026-02-26 16:21:28
Zai Dodi,4,"dak ngerti ape masalah Nye baru nak lemak transaksi eee lahh error pule putihhh saje terus keluar..,",2026-02-26 16:19:55
anandakarya 1972,5,"sangat membantu dalam proses pembayaran Listrik,BPJS, spy Later dan belanja pakai qris dll.",2026-02-26 16:16:08
M. Alfarizi,5,"sangat memuaskan ,, simpel , praktis , dan gak ribet",2026-02-26 16:15:55
Irwansyah 16,5,sangat memuaskan 👍🏻👍🏻,2026-02-26 16:14:23
Maman Mulyana,1,di hp saya ko gak bisa kebuka kadang kebuka kadang gak...cape unistal dan istal lagi...,2026-02-26 16:13:51
Irwan egyshell,5,bagusss,2026-02-26 16:05:37
Dimas Prayoga,5,Memudahkan,2026-02-26 15:54:40
Vempy Syah,5,cepat,2026-02-26 15:54:16
Erlangga Ananta,5,bagus,2026-02-26 15:52:39
Anasrullah,5,alhamdulillah sangat membantu saat ada transaksi yg harus segera di lakukan. dan giat giat lainnyg memerlukan dana.terimakasih brimo😀👍👍,2026-02-26 15:50:55
Simon Manulang,2,sangat bagus,2026-02-26 15:48:21
Lestari Ekajoni,5,Terimakasih atas brimo,2026-02-26 15:36:04
Arya Bentar,5,mantap,2026-02-26 15:33:46
"Emi ,",5,sangat berfungsi sekali,2026-02-26 15:33:46
Suwinda Ucok,5,mantap & aplikasi mantap,2026-02-26 15:28:48
Ujang Ujang,5,puas dengan layanan brimo,2026-02-26 15:27:25
Riko Ofriadi,1,"aplikasinya jelek, sering gangguan, lihat mutasi rek saja tidak bisa",2026-02-26 15:25:54
Ariep Gacheng,5,bagus,2026-02-26 15:22:15
Omar Abdalla,5,keren,2026-02-26 15:21:59
rachmad sholeh,5,bagus,2026-02-26 15:19:52
Rusty Nur Anjani,5,transaksi lebih cepat,2026-02-26 15:18:15
Luluk Ifadatul Ummah,5,stabil.dan mudah,2026-02-26 15:15:43
Supardi Nisa,5,mantap & luar biasa,2026-02-26 15:15:28
Aidil Setiawan,5,terbaik lah,2026-02-26 15:14:49
Dr Bodykit,5,nice,2026-02-26 15:08:44
Tri Ayuningsih,4,memudahkan,2026-02-26 15:04:17
ivan tea,5,terbaik,2026-02-26 15:03:05
Henie Belkaaf,4,pada awalnya lancar dan baik-baik saja. akhir-akhir ini sangat merepotkan. setiap membuka apk brimo untuk login harus verifikasi e-ktp dan wajah. mohon untuk segera diperbaiki.,2026-02-26 15:00:45
Edi Umar,5,aplikasinya bagus banget saya sangat suka mempermudah saya bertransaksi antar bank BRI terbaik...❤️❤️❤️❤️🙏🙏🙏🙏.,2026-02-26 14:59:59
Fahmi Bahrul,5,baguss,2026-02-26 14:57:07
Yoni Resmita,5,the best,2026-02-26 14:53:39
Haerudin Udin,5,sangat mantap dan membantu sekali,2026-02-26 14:52:28
Rizzky Aja,1,baru mau coba brimo mau masuk daftarnya udah kaya mau pinjol aja...klu BCA mobile hanya masukan 16 angka di ATM dapat SMS konfirmasi otp selesai ga pake ribet,2026-02-26 14:52:13
Yuyu Cell,5,mudah dan cepat,2026-02-26 14:51:29
Dede Husada,5,bagsu,2026-02-26 14:50:01
saepul anwar,5,mantappp,2026-02-26 14:47:47
Gali Leo,5,bagus,2026-02-26 14:40:38
Aziray Aziz,2,update mutasi nya lama,2026-02-26 14:40:26
Zebua Subur,1,kenapa susah kali ngetik pas daftar padahal HP baru suka dobel huruf,2026-02-26 14:40:18
Kahfi Prana Izza,5,luar biasa,2026-02-26 14:35:52
Siti Komariyah,5,sangat memudahkan tks bri,2026-02-26 14:32:36
Yudi Guest,4,mempermudah segala sesuatu,2026-02-26 14:24:46
suhartini cans,5,mantap,2026-02-26 14:22:00
Bayu Asmoro agung,5,mempermudah transaksi,2026-02-26 14:19:32
Kaka Jemz,5,bagus,2026-02-26 14:08:44
ainun nadifah,1,aplikasinya selalu ngelag layar putih .sudah kirim email tdk direspon . .,2026-02-26 14:04:35
Yudha Eka Kristiawan,5,oke,2026-02-26 14:00:15
LIIN,5,mempermudah. untuk harga paket mohon di perhatikan lagi. ko mahal banget yah.,2026-02-26 13:59:52
Rudi,5,mantap luar biasa,2026-02-26 13:59:16
Kecrok miber,5,sangat memuaskan,2026-02-26 13:57:33
Dananjaya Pecel Lele,5,cepat mudah dan aman,2026-02-26 13:56:35
Norman Omar,1,"kenapa setiap kali masuk harus verifikasi otp , foto ktp, dan foto wajah, setiap kali masuk tidak hanya 1 2 3 kali, tapi setiap ingin buka aplikasi brimo, kendala ini mulai sejak update aplikasi ke versi terbaru sekarang ini, mohon tim developer bisa memperbaiki part ini",2026-02-26 13:54:34
tutik handayani,5,mantap sangat membantu.,2026-02-26 13:51:25
Inam malik,5,oke,2026-02-26 13:45:47
Elvano Syabana,5,alhamdulilah lebih mudah dan praktis,2026-02-26 13:45:40
yan dhiz,5,🙏👍,2026-02-26 13:44:09
Celvin deo pratama,5,ok,2026-02-26 13:43:41
ZEROO GAMING,5,sangat memuaskan,2026-02-26 13:39:25
Eti Sartika,5,"aplikasi palinggggg bagussssss, thank you",2026-02-26 13:37:34
Hery1987 Enjose,5,😔,2026-02-26 13:36:38
SARIPUDIN 03,4,kasih bintang 4 dulu karna nge bug truss ini apk nya,2026-02-26 13:35:57
Ubi Cilembu,5,top,2026-02-26 13:35:13
Dimas Sianipar,5,mantap,2026-02-26 13:33:32
zulhanadi st,5,mudah digunakan,2026-02-26 13:30:21
Sheyrin Karundeng,5,bagus,2026-02-26 13:28:47
Mardison,1,gimana ini apk nya pas saya buka aplikasi nya warna biru lansung ngebleng berubah warna putih dan tidak bisa di bukaaa tolonggg bantuannya cepat!!,2026-02-26 13:27:23
vino bita,5,sangat membantu dan berguna,2026-02-26 13:26:31
Agus Susanto,5,lebih simple dan praktis,2026-02-26 13:24:27
Suyono Bwi,5,sangat mudah dan nyaman,2026-02-26 13:22:06
Zenin,5,pengalaman puas,2026-02-26 13:20:58
